library_id,atac_fragments,per_barcode_metrics,gex_molecule_info
RP0457_Coc_F_r2,/data/Palmetto_sync/Projects/vshanka_cocaine_scrnadna/Counts/SH10X_multiome_1_8/RP0457_Coc_F_r2/outs/atac_fragments.tsv.gz,/data/Palmetto_sync/Projects/vshanka_cocaine_scrnadna/Counts/SH10X_multiome_1_8/RP0457_Coc_F_r2/outs/per_barcode_metrics.csv,/data/Palmetto_sync/Projects/vshanka_cocaine_scrnadna/Counts/SH10X_multiome_1_8/RP0457_Coc_F_r2/outs/gex_molecule_info.h5
RP0231_Suc_M_r2,/data/Palmetto_sync/Projects/vshanka_cocaine_scrnadna/Counts/SH10X_multiome_1_8/RP0231_Suc_M_r2/outs/atac_fragments.tsv.gz,/data/Palmetto_sync/Projects/vshanka_cocaine_scrnadna/Counts/SH10X_multiome_1_8/RP0231_Suc_M_r2/outs/per_barcode_metrics.csv,/data/Palmetto_sync/Projects/vshanka_cocaine_scrnadna/Counts/SH10X_multiome_1_8/RP0231_Suc_M_r2/outs/gex_molecule_info.h5
RP0609_Coc_M_r2,/data/Palmetto_sync/Projects/vshanka_cocaine_scrnadna/Counts/SH10X_multiome_1_8/RP0609_Coc_M_r2/outs/atac_fragments.tsv.gz,/data/Palmetto_sync/Projects/vshanka_cocaine_scrnadna/Counts/SH10X_multiome_1_8/RP0609_Coc_M_r2/outs/per_barcode_metrics.csv,/data/Palmetto_sync/Projects/vshanka_cocaine_scrnadna/Counts/SH10X_multiome_1_8/RP0609_Coc_M_r2/outs/gex_molecule_info.h5
RP0231_Suc_F_r2,/data/Palmetto_sync/Projects/vshanka_cocaine_scrnadna/Counts/SH10X_multiome_1_8/RP0231_Suc_F_r2/outs/atac_fragments.tsv.gz,/data/Palmetto_sync/Projects/vshanka_cocaine_scrnadna/Counts/SH10X_multiome_1_8/RP0231_Suc_F_r2/outs/per_barcode_metrics.csv,/data/Palmetto_sync/Projects/vshanka_cocaine_scrnadna/Counts/SH10X_multiome_1_8/RP0231_Suc_F_r2/outs/gex_molecule_info.h5
RP0446_Coc_M_r2,/data/Palmetto_sync/Projects/vshanka_cocaine_scrnadna/Counts/SH10X_multiome_1_8/RP0446_Coc_M_r2/outs/atac_fragments.tsv.gz,/data/Palmetto_sync/Projects/vshanka_cocaine_scrnadna/Counts/SH10X_multiome_1_8/RP0446_Coc_M_r2/outs/per_barcode_metrics.csv,/data/Palmetto_sync/Projects/vshanka_cocaine_scrnadna/Counts/SH10X_multiome_1_8/RP0446_Coc_M_r2/outs/gex_molecule_info.h5
RP0457_Coc_M_r2,/data/Palmetto_sync/Projects/vshanka_cocaine_scrnadna/Counts/SH10X_multiome_1_8/RP0457_Coc_M_r2/outs/atac_fragments.tsv.gz,/data/Palmetto_sync/Projects/vshanka_cocaine_scrnadna/Counts/SH10X_multiome_1_8/RP0457_Coc_M_r2/outs/per_barcode_metrics.csv,/data/Palmetto_sync/Projects/vshanka_cocaine_scrnadna/Counts/SH10X_multiome_1_8/RP0457_Coc_M_r2/outs/gex_molecule_info.h5
RP0897_Suc_M_r2,/data/Palmetto_sync/Projects/vshanka_cocaine_scrnadna/Counts/SH10X_multiome_1_8/RP0897_Suc_M_r2/outs/atac_fragments.tsv.gz,/data/Palmetto_sync/Projects/vshanka_cocaine_scrnadna/Counts/SH10X_multiome_1_8/RP0897_Suc_M_r2/outs/per_barcode_metrics.csv,/data/Palmetto_sync/Projects/vshanka_cocaine_scrnadna/Counts/SH10X_multiome_1_8/RP0897_Suc_M_r2/outs/gex_molecule_info.h5
RP0897_Coc_M_r1,/data/Palmetto_sync/Projects/vshanka_cocaine_scrnadna/Counts/SH10X_multiome_1_8/RP0897_Coc_M_r1/outs/atac_fragments.tsv.gz,/data/Palmetto_sync/Projects/vshanka_cocaine_scrnadna/Counts/SH10X_multiome_1_8/RP0897_Coc_M_r1/outs/per_barcode_metrics.csv,/data/Palmetto_sync/Projects/vshanka_cocaine_scrnadna/Counts/SH10X_multiome_1_8/RP0897_Coc_M_r1/outs/gex_molecule_info.h5
RP0231_Coc_F_r1,/data/Palmetto_sync/Projects/vshanka_cocaine_scrnadna/Counts/SH10X_multiome_1_8/RP0231_Coc_F_r1/outs/atac_fragments.tsv.gz,/data/Palmetto_sync/Projects/vshanka_cocaine_scrnadna/Counts/SH10X_multiome_1_8/RP0231_Coc_F_r1/outs/per_barcode_metrics.csv,/data/Palmetto_sync/Projects/vshanka_cocaine_scrnadna/Counts/SH10X_multiome_1_8/RP0231_Coc_F_r1/outs/gex_molecule_info.h5
RP0897_Coc_F_r2,/data/Palmetto_sync/Projects/vshanka_cocaine_scrnadna/Counts/SH10X_multiome_09_16/RP0897_Coc_F_r2/outs/atac_fragments.tsv.gz,/data/Palmetto_sync/Projects/vshanka_cocaine_scrnadna/Counts/SH10X_multiome_09_16/RP0897_Coc_F_r2/outs/per_barcode_metrics.csv,/data/Palmetto_sync/Projects/vshanka_cocaine_scrnadna/Counts/SH10X_multiome_09_16/RP0897_Coc_F_r2/outs/gex_molecule_info.h5
RP0446_Suc_M_r2,/data/Palmetto_sync/Projects/vshanka_cocaine_scrnadna/Counts/SH10X_multiome_09_16/RP0446_Suc_M_r2/outs/atac_fragments.tsv.gz,/data/Palmetto_sync/Projects/vshanka_cocaine_scrnadna/Counts/SH10X_multiome_09_16/RP0446_Suc_M_r2/outs/per_barcode_metrics.csv,/data/Palmetto_sync/Projects/vshanka_cocaine_scrnadna/Counts/SH10X_multiome_09_16/RP0446_Suc_M_r2/outs/gex_molecule_info.h5
RP0457_Coc_F_r1,/data/Palmetto_sync/Projects/vshanka_cocaine_scrnadna/Counts/SH10X_multiome_09_16/RP0457_Coc_F_r1/outs/atac_fragments.tsv.gz,/data/Palmetto_sync/Projects/vshanka_cocaine_scrnadna/Counts/SH10X_multiome_09_16/RP0457_Coc_F_r1/outs/per_barcode_metrics.csv,/data/Palmetto_sync/Projects/vshanka_cocaine_scrnadna/Counts/SH10X_multiome_09_16/RP0457_Coc_F_r1/outs/gex_molecule_info.h5
RP0457_Suc_M_r2,/data/Palmetto_sync/Projects/vshanka_cocaine_scrnadna/Counts/SH10X_multiome_09_16/RP0457_Suc_M_r2/outs/atac_fragments.tsv.gz,/data/Palmetto_sync/Projects/vshanka_cocaine_scrnadna/Counts/SH10X_multiome_09_16/RP0457_Suc_M_r2/outs/per_barcode_metrics.csv,/data/Palmetto_sync/Projects/vshanka_cocaine_scrnadna/Counts/SH10X_multiome_09_16/RP0457_Suc_M_r2/outs/gex_molecule_info.h5
RP0883_Suc_M_r1,/data/Palmetto_sync/Projects/vshanka_cocaine_scrnadna/Counts/SH10X_multiome_09_16/RP0883_Suc_M_r1/outs/atac_fragments.tsv.gz,/data/Palmetto_sync/Projects/vshanka_cocaine_scrnadna/Counts/SH10X_multiome_09_16/RP0883_Suc_M_r1/outs/per_barcode_metrics.csv,/data/Palmetto_sync/Projects/vshanka_cocaine_scrnadna/Counts/SH10X_multiome_09_16/RP0883_Suc_M_r1/outs/gex_molecule_info.h5
RP0457_Coc_M_r1,/data/Palmetto_sync/Projects/vshanka_cocaine_scrnadna/Counts/SH10X_multiome_09_16/RP0457_Coc_M_r1/outs/atac_fragments.tsv.gz,/data/Palmetto_sync/Projects/vshanka_cocaine_scrnadna/Counts/SH10X_multiome_09_16/RP0457_Coc_M_r1/outs/per_barcode_metrics.csv,/data/Palmetto_sync/Projects/vshanka_cocaine_scrnadna/Counts/SH10X_multiome_09_16/RP0457_Coc_M_r1/outs/gex_molecule_info.h5
RP0457_Suc_F_r2,/data/Palmetto_sync/Projects/vshanka_cocaine_scrnadna/Counts/SH10X_multiome_09_16/RP0457_Suc_F_r2/outs/atac_fragments.tsv.gz,/data/Palmetto_sync/Projects/vshanka_cocaine_scrnadna/Counts/SH10X_multiome_09_16/RP0457_Suc_F_r2/outs/per_barcode_metrics.csv,/data/Palmetto_sync/Projects/vshanka_cocaine_scrnadna/Counts/SH10X_multiome_09_16/RP0457_Suc_F_r2/outs/gex_molecule_info.h5
RP0609_Coc_F_r1,/data/Palmetto_sync/Projects/vshanka_cocaine_scrnadna/Counts/SH10X_multiome_09_16/RP0609_Coc_F_r1/outs/atac_fragments.tsv.gz,/data/Palmetto_sync/Projects/vshanka_cocaine_scrnadna/Counts/SH10X_multiome_09_16/RP0609_Coc_F_r1/outs/per_barcode_metrics.csv,/data/Palmetto_sync/Projects/vshanka_cocaine_scrnadna/Counts/SH10X_multiome_09_16/RP0609_Coc_F_r1/outs/gex_molecule_info.h5
RP0897_Suc_F_r1,/data/Palmetto_sync/Projects/vshanka_cocaine_scrnadna/Counts/SH10X_multiome_17_24/RP0897_Suc_F_r1/outs/atac_fragments.tsv.gz,/data/Palmetto_sync/Projects/vshanka_cocaine_scrnadna/Counts/SH10X_multiome_17_24/RP0897_Suc_F_r1/outs/per_barcode_metrics.csv,/data/Palmetto_sync/Projects/vshanka_cocaine_scrnadna/Counts/SH10X_multiome_17_24/RP0897_Suc_F_r1/outs/gex_molecule_info.h5
RP0231_Suc_M_r1,/data/Palmetto_sync/Projects/vshanka_cocaine_scrnadna/Counts/SH10X_multiome_17_24/RP0231_Suc_M_r1/outs/atac_fragments.tsv.gz,/data/Palmetto_sync/Projects/vshanka_cocaine_scrnadna/Counts/SH10X_multiome_17_24/RP0231_Suc_M_r1/outs/per_barcode_metrics.csv,/data/Palmetto_sync/Projects/vshanka_cocaine_scrnadna/Counts/SH10X_multiome_17_24/RP0231_Suc_M_r1/outs/gex_molecule_info.h5
RP0446_Suc_F_r2,/data/Palmetto_sync/Projects/vshanka_cocaine_scrnadna/Counts/SH10X_multiome_17_24/RP0446_Suc_F_r2/outs/atac_fragments.tsv.gz,/data/Palmetto_sync/Projects/vshanka_cocaine_scrnadna/Counts/SH10X_multiome_17_24/RP0446_Suc_F_r2/outs/per_barcode_metrics.csv,/data/Palmetto_sync/Projects/vshanka_cocaine_scrnadna/Counts/SH10X_multiome_17_24/RP0446_Suc_F_r2/outs/gex_molecule_info.h5
RP0446_Coc_M_r1,/data/Palmetto_sync/Projects/vshanka_cocaine_scrnadna/Counts/SH10X_multiome_17_24/RP0446_Coc_M_r1/outs/atac_fragments.tsv.gz,/data/Palmetto_sync/Projects/vshanka_cocaine_scrnadna/Counts/SH10X_multiome_17_24/RP0446_Coc_M_r1/outs/per_barcode_metrics.csv,/data/Palmetto_sync/Projects/vshanka_cocaine_scrnadna/Counts/SH10X_multiome_17_24/RP0446_Coc_M_r1/outs/gex_molecule_info.h5
RP0883_Suc_F_r1,/data/Palmetto_sync/Projects/vshanka_cocaine_scrnadna/Counts/SH10X_multiome_17_24/RP0883_Suc_F_r1/outs/atac_fragments.tsv.gz,/data/Palmetto_sync/Projects/vshanka_cocaine_scrnadna/Counts/SH10X_multiome_17_24/RP0883_Suc_F_r1/outs/per_barcode_metrics.csv,/data/Palmetto_sync/Projects/vshanka_cocaine_scrnadna/Counts/SH10X_multiome_17_24/RP0883_Suc_F_r1/outs/gex_molecule_info.h5
RP0231_Suc_F_r1,/data/Palmetto_sync/Projects/vshanka_cocaine_scrnadna/Counts/SH10X_multiome_17_24/RP0231_Suc_F_r1/outs/atac_fragments.tsv.gz,/data/Palmetto_sync/Projects/vshanka_cocaine_scrnadna/Counts/SH10X_multiome_17_24/RP0231_Suc_F_r1/outs/per_barcode_metrics.csv,/data/Palmetto_sync/Projects/vshanka_cocaine_scrnadna/Counts/SH10X_multiome_17_24/RP0231_Suc_F_r1/outs/gex_molecule_info.h5
RP0897_Suc_M_r3,/data/Palmetto_sync/Projects/vshanka_cocaine_scrnadna/Counts/SH10X_multiome_17_24/RP0897_Suc_M_r3/outs/atac_fragments.tsv.gz,/data/Palmetto_sync/Projects/vshanka_cocaine_scrnadna/Counts/SH10X_multiome_17_24/RP0897_Suc_M_r3/outs/per_barcode_metrics.csv,/data/Palmetto_sync/Projects/vshanka_cocaine_scrnadna/Counts/SH10X_multiome_17_24/RP0897_Suc_M_r3/outs/gex_molecule_info.h5
RP0446_Coc_F_r1,/data/Palmetto_sync/Projects/vshanka_cocaine_scrnadna/Counts/SH10X_multiome_17_24/RP0446_Coc_F_r1/outs/atac_fragments.tsv.gz,/data/Palmetto_sync/Projects/vshanka_cocaine_scrnadna/Counts/SH10X_multiome_17_24/RP0446_Coc_F_r1/outs/per_barcode_metrics.csv,/data/Palmetto_sync/Projects/vshanka_cocaine_scrnadna/Counts/SH10X_multiome_17_24/RP0446_Coc_F_r1/outs/gex_molecule_info.h5
RP0897_Suc_F_r2,/data/Palmetto_sync/Projects/vshanka_cocaine_scrnadna/Counts/SH10X_multiome_25_32/RP0897_Suc_F_r2/outs/atac_fragments.tsv.gz,/data/Palmetto_sync/Projects/vshanka_cocaine_scrnadna/Counts/SH10X_multiome_25_32/RP0897_Suc_F_r2/outs/per_barcode_metrics.csv,/data/Palmetto_sync/Projects/vshanka_cocaine_scrnadna/Counts/SH10X_multiome_25_32/RP0897_Suc_F_r2/outs/gex_molecule_info.h5
RP0883_Coc_F_r2,/data/Palmetto_sync/Projects/vshanka_cocaine_scrnadna/Counts/SH10X_multiome_25_32/RP0883_Coc_F_r2/outs/atac_fragments.tsv.gz,/data/Palmetto_sync/Projects/vshanka_cocaine_scrnadna/Counts/SH10X_multiome_25_32/RP0883_Coc_F_r2/outs/per_barcode_metrics.csv,/data/Palmetto_sync/Projects/vshanka_cocaine_scrnadna/Counts/SH10X_multiome_25_32/RP0883_Coc_F_r2/outs/gex_molecule_info.h5
RP0457_Suc_F_r1,/data/Palmetto_sync/Projects/vshanka_cocaine_scrnadna/Counts/SH10X_multiome_25_32/RP0457_Suc_F_r1/outs/atac_fragments.tsv.gz,/data/Palmetto_sync/Projects/vshanka_cocaine_scrnadna/Counts/SH10X_multiome_25_32/RP0457_Suc_F_r1/outs/per_barcode_metrics.csv,/data/Palmetto_sync/Projects/vshanka_cocaine_scrnadna/Counts/SH10X_multiome_25_32/RP0457_Suc_F_r1/outs/gex_molecule_info.h5
RP0883_Suc_F_r2,/data/Palmetto_sync/Projects/vshanka_cocaine_scrnadna/Counts/SH10X_multiome_25_32/RP0883_Suc_F_r2/outs/atac_fragments.tsv.gz,/data/Palmetto_sync/Projects/vshanka_cocaine_scrnadna/Counts/SH10X_multiome_25_32/RP0883_Suc_F_r2/outs/per_barcode_metrics.csv,/data/Palmetto_sync/Projects/vshanka_cocaine_scrnadna/Counts/SH10X_multiome_25_32/RP0883_Suc_F_r2/outs/gex_molecule_info.h5
RP0231_Coc_M_r2,/data/Palmetto_sync/Projects/vshanka_cocaine_scrnadna/Counts/SH10X_multiome_25_32/RP0231_Coc_M_r2/outs/atac_fragments.tsv.gz,/data/Palmetto_sync/Projects/vshanka_cocaine_scrnadna/Counts/SH10X_multiome_25_32/RP0231_Coc_M_r2/outs/per_barcode_metrics.csv,/data/Palmetto_sync/Projects/vshanka_cocaine_scrnadna/Counts/SH10X_multiome_25_32/RP0231_Coc_M_r2/outs/gex_molecule_info.h5
RP0609_Suc_M_r1,/data/Palmetto_sync/Projects/vshanka_cocaine_scrnadna/Counts/SH10X_multiome_25_32/RP0609_Suc_M_r1/outs/atac_fragments.tsv.gz,/data/Palmetto_sync/Projects/vshanka_cocaine_scrnadna/Counts/SH10X_multiome_25_32/RP0609_Suc_M_r1/outs/per_barcode_metrics.csv,/data/Palmetto_sync/Projects/vshanka_cocaine_scrnadna/Counts/SH10X_multiome_25_32/RP0609_Suc_M_r1/outs/gex_molecule_info.h5
RP0897_Coc_F_r1,/data/Palmetto_sync/Projects/vshanka_cocaine_scrnadna/Counts/SH10X_multiome_25_32/RP0897_Coc_F_r1/outs/atac_fragments.tsv.gz,/data/Palmetto_sync/Projects/vshanka_cocaine_scrnadna/Counts/SH10X_multiome_25_32/RP0897_Coc_F_r1/outs/per_barcode_metrics.csv,/data/Palmetto_sync/Projects/vshanka_cocaine_scrnadna/Counts/SH10X_multiome_25_32/RP0897_Coc_F_r1/outs/gex_molecule_info.h5
RP0883_Coc_M_r2,/data/Palmetto_sync/Projects/vshanka_cocaine_scrnadna/Counts/SH10X_multiome_25_32/RP0883_Coc_M_r2/outs/atac_fragments.tsv.gz,/data/Palmetto_sync/Projects/vshanka_cocaine_scrnadna/Counts/SH10X_multiome_25_32/RP0883_Coc_M_r2/outs/per_barcode_metrics.csv,/data/Palmetto_sync/Projects/vshanka_cocaine_scrnadna/Counts/SH10X_multiome_25_32/RP0883_Coc_M_r2/outs/gex_molecule_info.h5
RP0457_Suc_M_r1,/data/Palmetto_sync/Projects/vshanka_cocaine_scrnadna/Counts/SH10X_multiome_33_40/RP0457_Suc_M_r1/outs/atac_fragments.tsv.gz,/data/Palmetto_sync/Projects/vshanka_cocaine_scrnadna/Counts/SH10X_multiome_33_40/RP0457_Suc_M_r1/outs/per_barcode_metrics.csv,/data/Palmetto_sync/Projects/vshanka_cocaine_scrnadna/Counts/SH10X_multiome_33_40/RP0457_Suc_M_r1/outs/gex_molecule_info.h5
RP0609_Coc_F_r2,/data/Palmetto_sync/Projects/vshanka_cocaine_scrnadna/Counts/SH10X_multiome_33_40/RP0609_Coc_F_r2/outs/atac_fragments.tsv.gz,/data/Palmetto_sync/Projects/vshanka_cocaine_scrnadna/Counts/SH10X_multiome_33_40/RP0609_Coc_F_r2/outs/per_barcode_metrics.csv,/data/Palmetto_sync/Projects/vshanka_cocaine_scrnadna/Counts/SH10X_multiome_33_40/RP0609_Coc_F_r2/outs/gex_molecule_info.h5
RP0231_Coc_M_r1,/data/Palmetto_sync/Projects/vshanka_cocaine_scrnadna/Counts/SH10X_multiome_33_40/RP0231_Coc_M_r1/outs/atac_fragments.tsv.gz,/data/Palmetto_sync/Projects/vshanka_cocaine_scrnadna/Counts/SH10X_multiome_33_40/RP0231_Coc_M_r1/outs/per_barcode_metrics.csv,/data/Palmetto_sync/Projects/vshanka_cocaine_scrnadna/Counts/SH10X_multiome_33_40/RP0231_Coc_M_r1/outs/gex_molecule_info.h5
RP0609_Suc_F_r1,/data/Palmetto_sync/Projects/vshanka_cocaine_scrnadna/Counts/SH10X_multiome_33_40/RP0609_Suc_F_r1/outs/atac_fragments.tsv.gz,/data/Palmetto_sync/Projects/vshanka_cocaine_scrnadna/Counts/SH10X_multiome_33_40/RP0609_Suc_F_r1/outs/per_barcode_metrics.csv,/data/Palmetto_sync/Projects/vshanka_cocaine_scrnadna/Counts/SH10X_multiome_33_40/RP0609_Suc_F_r1/outs/gex_molecule_info.h5
RP0446_Suc_M_r1,/data/Palmetto_sync/Projects/vshanka_cocaine_scrnadna/Counts/SH10X_multiome_33_40/RP0446_Suc_M_r1/outs/atac_fragments.tsv.gz,/data/Palmetto_sync/Projects/vshanka_cocaine_scrnadna/Counts/SH10X_multiome_33_40/RP0446_Suc_M_r1/outs/per_barcode_metrics.csv,/data/Palmetto_sync/Projects/vshanka_cocaine_scrnadna/Counts/SH10X_multiome_33_40/RP0446_Suc_M_r1/outs/gex_molecule_info.h5
RP0897_Coc_M_r2,/data/Palmetto_sync/Projects/vshanka_cocaine_scrnadna/Counts/SH10X_multiome_33_40/RP0897_Coc_M_r2/outs/atac_fragments.tsv.gz,/data/Palmetto_sync/Projects/vshanka_cocaine_scrnadna/Counts/SH10X_multiome_33_40/RP0897_Coc_M_r2/outs/per_barcode_metrics.csv,/data/Palmetto_sync/Projects/vshanka_cocaine_scrnadna/Counts/SH10X_multiome_33_40/RP0897_Coc_M_r2/outs/gex_molecule_info.h5
RP0609_Suc_M_r2,/data/Palmetto_sync/Projects/vshanka_cocaine_scrnadna/Counts/SH10X_multiome_33_40/RP0609_Suc_M_r2/outs/atac_fragments.tsv.gz,/data/Palmetto_sync/Projects/vshanka_cocaine_scrnadna/Counts/SH10X_multiome_33_40/RP0609_Suc_M_r2/outs/per_barcode_metrics.csv,/data/Palmetto_sync/Projects/vshanka_cocaine_scrnadna/Counts/SH10X_multiome_33_40/RP0609_Suc_M_r2/outs/gex_molecule_info.h5
RP0883_Coc_F_r1,/data/Palmetto_sync/Projects/vshanka_cocaine_scrnadna/Counts/SH10X_multiome_33_40/RP0883_Coc_F_r1/outs/atac_fragments.tsv.gz,/data/Palmetto_sync/Projects/vshanka_cocaine_scrnadna/Counts/SH10X_multiome_33_40/RP0883_Coc_F_r1/outs/per_barcode_metrics.csv,/data/Palmetto_sync/Projects/vshanka_cocaine_scrnadna/Counts/SH10X_multiome_33_40/RP0883_Coc_F_r1/outs/gex_molecule_info.h5
RP0609_Suc_F_r2,/data/Palmetto_sync/Projects/vshanka_cocaine_scrnadna/Counts/SH10X_multiome_41_48/RP0609_Suc_F_r2/outs/atac_fragments.tsv.gz,/data/Palmetto_sync/Projects/vshanka_cocaine_scrnadna/Counts/SH10X_multiome_41_48/RP0609_Suc_F_r2/outs/per_barcode_metrics.csv,/data/Palmetto_sync/Projects/vshanka_cocaine_scrnadna/Counts/SH10X_multiome_41_48/RP0609_Suc_F_r2/outs/gex_molecule_info.h5
RP0883_Coc_M_r1,/data/Palmetto_sync/Projects/vshanka_cocaine_scrnadna/Counts/SH10X_multiome_41_48/RP0883_Coc_M_r1/outs/atac_fragments.tsv.gz,/data/Palmetto_sync/Projects/vshanka_cocaine_scrnadna/Counts/SH10X_multiome_41_48/RP0883_Coc_M_r1/outs/per_barcode_metrics.csv,/data/Palmetto_sync/Projects/vshanka_cocaine_scrnadna/Counts/SH10X_multiome_41_48/RP0883_Coc_M_r1/outs/gex_molecule_info.h5
RP0446_Suc_F_r1,/data/Palmetto_sync/Projects/vshanka_cocaine_scrnadna/Counts/SH10X_multiome_41_48/RP0446_Suc_F_r1/outs/atac_fragments.tsv.gz,/data/Palmetto_sync/Projects/vshanka_cocaine_scrnadna/Counts/SH10X_multiome_41_48/RP0446_Suc_F_r1/outs/per_barcode_metrics.csv,/data/Palmetto_sync/Projects/vshanka_cocaine_scrnadna/Counts/SH10X_multiome_41_48/RP0446_Suc_F_r1/outs/gex_molecule_info.h5
RP0231_Coc_F_r2,/data/Palmetto_sync/Projects/vshanka_cocaine_scrnadna/Counts/SH10X_multiome_41_48/RP0231_Coc_F_r2/outs/atac_fragments.tsv.gz,/data/Palmetto_sync/Projects/vshanka_cocaine_scrnadna/Counts/SH10X_multiome_41_48/RP0231_Coc_F_r2/outs/per_barcode_metrics.csv,/data/Palmetto_sync/Projects/vshanka_cocaine_scrnadna/Counts/SH10X_multiome_41_48/RP0231_Coc_F_r2/outs/gex_molecule_info.h5
RP0446_Coc_F_r2,/data/Palmetto_sync/Projects/vshanka_cocaine_scrnadna/Counts/SH10X_multiome_41_48/RP0446_Coc_F_r2/outs/atac_fragments.tsv.gz,/data/Palmetto_sync/Projects/vshanka_cocaine_scrnadna/Counts/SH10X_multiome_41_48/RP0446_Coc_F_r2/outs/per_barcode_metrics.csv,/data/Palmetto_sync/Projects/vshanka_cocaine_scrnadna/Counts/SH10X_multiome_41_48/RP0446_Coc_F_r2/outs/gex_molecule_info.h5
RP0897_Suc_M_r1,/data/Palmetto_sync/Projects/vshanka_cocaine_scrnadna/Counts/SH10X_multiome_41_48/RP0897_Suc_M_r1/outs/atac_fragments.tsv.gz,/data/Palmetto_sync/Projects/vshanka_cocaine_scrnadna/Counts/SH10X_multiome_41_48/RP0897_Suc_M_r1/outs/per_barcode_metrics.csv,/data/Palmetto_sync/Projects/vshanka_cocaine_scrnadna/Counts/SH10X_multiome_41_48/RP0897_Suc_M_r1/outs/gex_molecule_info.h5
RP0883_Suc_M_r2,/data/Palmetto_sync/Projects/vshanka_cocaine_scrnadna/Counts/SH10X_multiome_41_48/RP0883_Suc_M_r2/outs/atac_fragments.tsv.gz,/data/Palmetto_sync/Projects/vshanka_cocaine_scrnadna/Counts/SH10X_multiome_41_48/RP0883_Suc_M_r2/outs/per_barcode_metrics.csv,/data/Palmetto_sync/Projects/vshanka_cocaine_scrnadna/Counts/SH10X_multiome_41_48/RP0883_Suc_M_r2/outs/gex_molecule_info.h5
RP0609_Coc_M_r1,/data/Palmetto_sync/Projects/vshanka_cocaine_scrnadna/Counts/SH10X_multiome_41_48/RP0609_Coc_M_r1/outs/atac_fragments.tsv.gz,/data/Palmetto_sync/Projects/vshanka_cocaine_scrnadna/Counts/SH10X_multiome_41_48/RP0609_Coc_M_r1/outs/per_barcode_metrics.csv,/data/Palmetto_sync/Projects/vshanka_cocaine_scrnadna/Counts/SH10X_multiome_41_48/RP0609_Coc_M_r1/outs/gex_molecule_info.h5