,corr_Within_group,corr_Between_group,p_val,type
Tm3a,-0.17675452421759372,-0.13450629427141708,0.9999999999880492,network
T3,-0.3379013639149841,0.08387393232117721,1.0,network
Mi4,0.3147991118193694,0.3274110990255265,0.9999999118588809,network
Tm20,0.0034213315376954525,0.22755274321080943,1.0,network
DN1 and ITP and LNv and Hugin,-0.1962975112907451,-0.0047710335799886604,1.0,network
Lawf2,-0.3325226884074048,-0.08668724903506289,1.0,network
TmY5a,0.1251406856884544,0.2691479494907253,1.0,network
Mi1,-0.09421713787397183,0.20077294651862765,1.0,network
Tm1,0.20892867176207788,0.11977857490308777,0.0,network
cholinergic neuron,0.24111136424554017,0.26445479544519696,1.0,network
outer photoreceptor cell,-0.1733895450952201,-0.055253147221278234,0.9999988182428822,network
Mi15,0.2536343240577494,-0.2937543904653539,0.0,network
Tm4,0.3229055036996239,-0.333217564241912,0.0,network
C3,-0.3254966398831649,0.11281894745470712,1.0,network
perineurial glial cells,-0.3191670634599521,0.08461745677827305,1.0,network
L2,0.5151061826750162,0.4654364658833015,3.7762749161007747e-07,network
Tm2,0.34412622644198465,-0.32452224989233813,0.0,network
ensheathing glial cells,0.12504947630976432,-0.25811703336646125,0.0,network
adPNs,0.17935887585403157,0.2814419151862953,1.0,network
dorsomedial neurosecretory cell and myoinhibitory peptide neuron,0.25815449425968845,-0.2340762321005966,0.0,network
dopaminergic PAM neuron,0.5099621187400857,-0.5208854550648271,0.0,network
R7/R8,-0.20069744791881186,0.17208193060542273,1.0,network
TmY14,-0.1996105475303489,-0.04072030809346314,1.0,network
TmY8,-0.3004834036734106,-0.013017979434514933,1.0,network
Tm9,-0.30336084063904706,-0.108560629535253,1.0,network
Dm3,-0.3302168185052106,-0.09956956453461735,1.0,network
alpha/beta/gamma Kenyon cell,0.6674208949245027,-0.7321884198402172,0.0,network
myoinhibitory peptide neuron,-0.024491151002255258,0.1539723373641498,1.0,network
cell body glial cell,-0.14670251298233974,-0.12912480871772924,0.6112858844903779,network
T2a/T3,-0.3114271207195369,0.1055255057407605,1.0,network
subperineurial glial cell,-0.26843290986296026,0.012369864887497818,1.0,network
reticular neuropil associated glial cell,0.3117617242603198,0.26354624198533877,0.0,network
T1/Mt1,-0.31040827350164224,0.08120012778182956,1.0,network
Tm3a,-0.010071981375057845,-0.012425544058278941,0.46035895805372573,logFC
T3,-0.06610986883846463,-0.0007048508357865981,0.9985822195497944,logFC
Mi4,0.029012517700921548,0.03382316513607793,0.5817639749979182,logFC
Tm20,-0.019651512373147186,0.02005732253335278,0.9661158901895596,logFC
DN1 and ITP and LNv and Hugin,-0.08477235210890155,-0.023980663340315685,0.9973169359939852,logFC
Lawf2,-0.037483920904068636,0.0032308616506490717,0.9697709801061549,logFC
TmY5a,-0.013512928199855417,0.02234670819755607,0.9476511159772324,logFC
Mi1,-0.043075323978639224,0.053708841223094515,0.9999946768448715,logFC
Tm1,-0.013777671820515222,-0.044356762084951686,0.08314907158640716,logFC
cholinergic neuron,-0.03741280050356844,-0.0088850413899584,0.9190902411205363,logFC
outer photoreceptor cell,0.007237170233879219,-0.06678208594585994,0.00023533779592266324,logFC
Mi15,-0.009091512137181929,-0.049309184067851786,0.031318243110342925,logFC
Tm4,0.007646699305192267,-0.06204830464683437,0.0007200502121500474,logFC
C3,-0.07632883018978971,0.032004954707314764,0.99999977039511,logFC
perineurial glial cells,-0.056329765313681036,0.022403608712585774,0.99985698221701,logFC
L2,0.159731515884436,0.08167671718905187,0.00014935330106702338,logFC
astrocyte-like glial cells,-0.04945365186007442,-0.013231541035014413,0.9484660483305674,logFC
Tm2,0.0633021196457772,-0.05686516164687391,2.320719583170927e-08,logFC
ensheathing glial cells,0.1336970833240063,-0.17164678488890456,0.0,logFC
adPNs,-0.014578814405320967,0.03149113565069321,0.9814206124580133,logFC
dorsomedial neurosecretory cell and myoinhibitory peptide neuron,-0.057127772414463436,-0.018557021489217437,0.9578814662187913,logFC
dopaminergic PAM neuron,0.03542426583365813,-0.03902600163287062,0.0004089945345400192,logFC
R7/R8,0.004611252677331451,0.03197501926364418,0.8916777930495449,logFC
TmY14,-0.01523413999953229,0.008284803890886018,0.8534971700319897,logFC
TmY8,-0.01475937766338512,-0.010749678509188808,0.5736045750216069,logFC
Tm9,-0.03295557771236489,0.00902037868773048,0.9769287704632177,logFC
Dm3,-0.10576008394291996,-0.007666754256270114,0.9999969996505474,logFC
alpha/beta/gamma Kenyon cell,0.05969687031373407,-0.011440953091118736,0.0005012258201038122,logFC
myoinhibitory peptide neuron,0.012873237919986317,0.003214803176029016,0.3352653541154248,logFC
cell body glial cell,-0.09585074176760879,0.0020827989021644775,0.9999982978824306,logFC
T2a/T3,0.009520180826497348,0.02513450666990676,0.761693912115775,logFC
subperineurial glial cell,0.043055601464935624,-0.07023116370875311,8.513637672624697e-08,logFC
optic chiasma glial cell,0.011403374583388366,0.03562977018293416,0.8714294785683212,logFC
reticular neuropil associated glial cell,0.1904520564768729,0.02225694692641172,0.0,logFC
T1/Mt1,0.04185068702940842,0.08852754078095869,0.9847322958270396,logFC
compound eye cone cell,0.0428503785886031,0.06831520102739022,0.8755619683527631,logFC
