,Female_RP0457,Male_RP0231,Male_RP0609,Female_RP0231,Male_RP0446,Male_RP0457,Male_RP0897,Female_RP0897,Male_RP0883,Female_RP0609,Female_RP0446,Female_RP0883
Dr,-0.07035126976433513,-0.025889857197902023,-0.07138881039469655,0.07164659533511972,0.07180818389338148,-0.08493492764312398,-0.07479938498880528,0.08030040414036756,-0.06791484276404387,-0.07536814385657314,-0.07718931321816941,0.08071966657284689
Abd-B,-0.034086614262205925,-0.06420282794496286,-0.030799014803228292,0.029132636122813974,0.03850716394690993,-0.021899655253263452,-0.02345645107326082,0.024569167667255705,0.018338519247456882,-0.03253646727930298,-0.02599164007532445,0.029447935364038343
unc-4,-0.10388954879505652,-0.17794944328083334,-0.08981113365238666,0.08459634339169858,0.10401188525761106,-0.0679661542734519,-0.07430897291952154,0.05994356044771105,0.013880544279845723,-0.1044656144176427,-0.075539742797409,0.08620790425290763
unpg,-0.11992700128452441,-0.042956443546351065,-0.11519253996005073,0.11704585383635491,0.10119355104418479,-0.11195864996480241,-0.12088154536116523,0.0870828779487798,-0.04993684154884381,-0.10637477764175528,-0.11507268968092259,0.11196362009663129
pan,-0.10606325559939675,-0.394809757185677,-0.10901020137123053,0.10530610999112,0.16599558937883538,-0.0671108243762441,-0.08539901734170559,-0.0031872503672709593,0.14776266892144393,-0.15331246605914048,-0.08443379490955212,0.11276434194804587
Dfd,-0.09653260946951842,-0.20929119700004187,-0.08644036677265216,0.08357064194559406,0.10740504639250054,-0.055914583267633974,-0.06670455395520876,0.03230693897135994,0.0442152967373294,-0.1001548125532602,-0.069798102471893,0.0809902707551908
tup,-0.08665723999979896,-0.09134961412514453,-0.08720716557591342,0.0903135504396351,0.09127737130856142,-0.0778376367247981,-0.0795023109392953,0.0901153366657056,-0.030658213331418233,-0.09169729959986148,-0.08117635536007363,0.08609595012665108
CG11085,-0.06086482025277968,-0.07385966559250087,-0.06530513452700867,0.06300342900891821,0.07184615184831922,-0.05159813707637195,-0.05923278276614022,0.054262643906069774,-0.008643287267165747,-0.06931667056279299,-0.06296798379623182,0.0654875082302848
Pph13,-0.06604652487696432,-0.02033167690979983,-0.06514654857601897,0.06400635674057376,0.06516167257638987,-0.06666963855998967,-0.06322088534640462,0.0760019440307231,-0.036773360609725234,-0.06305600998022844,-0.06300213488623951,0.0657400464515268
eve,-0.2323171202731959,0.10489041756836553,-0.24023596150783175,0.23830148683673255,0.22299283729961697,-0.2999531727509172,-0.2682042141617789,0.2996389345685048,-0.49009986436256986,-0.2278761272915927,-0.2544401111291221,0.26003820821227586
BEAF-32,-0.10163901995008918,-0.0925143952818336,-0.09592201497373928,0.09608732807168893,0.10196930352770242,-0.09616077246580758,-0.09243677332274604,0.08256055995943419,-0.07091162814765344,-0.1051040735883957,-0.09653262293874955,0.09776171995349843
brk,-0.1645358556830241,0.06344864348797975,-0.1740669447688666,0.18710933493837528,0.14145963426048902,-0.18913943228073926,-0.19723801138340477,0.15520665752108606,-0.11748755854442072,-0.1570841546605034,-0.1963099880522134,0.1710526224072256
OdsH,-0.07978899285667644,-0.07259599157461513,-0.10903119728620729,0.11125907165366242,0.09126239411495761,-0.08686701285582707,-0.10887145558423973,0.08391348602496,-0.007480421362990954,-0.10203265613585673,-0.11502430156126875,0.09777360914326055
nub,-0.0852743971155759,-0.044668009526004644,-0.10070097445201087,0.10194428716322435,0.10312833403178354,-0.08864459658601241,-0.09787227155708145,0.09844619564900747,-0.026503116849114938,-0.10401043617928252,-0.10320797302435736,0.09489330336919453
H,-0.045482221054316645,-0.03953352625367694,-0.04001941422462189,0.03963242552484135,0.038672183353693046,-0.029747027113063908,-0.033283791761307864,0.04480778343848929,-0.007237146528423552,-0.03524658439405683,-0.03774327711654677,0.035368838394561106
slbo,-0.0749576205002841,0.01313032485614999,-0.07916988311545481,0.08143019277019142,0.06762890528154741,-0.0844656797993664,-0.08215729543356519,0.08811294518153157,-0.1072809137234283,-0.07110959123281184,-0.08329195091675445,0.08141284797959414
Lmx1a,-0.06389953152117027,-0.0833839615382388,-0.0676571306144201,0.0645759553302265,0.07410527989840619,-0.057517678568653606,-0.05575388312811123,0.07163745164615722,-0.015359546567429227,-0.06595097141423402,-0.06321561571086681,0.06144070738143062
zld,-0.08934609612106627,-0.05825307731082715,-0.08954597405241745,0.08730202894178457,0.08856736092799539,-0.08948097010467418,-0.08314269495421868,0.09845106974269943,-0.07858880679298286,-0.09231510433789679,-0.08882650742773592,0.08334288263533823
ara,-0.06068336354212646,-0.03083511688103612,-0.057264954965445654,0.057598471809054065,0.06121116575815483,-0.06511760448194019,-0.05775927968697782,0.07076117849653774,-0.04991681033953482,-0.06032543437957289,-0.05877819913896958,0.061646959590141624
Stat92E,-0.07532416368010646,-0.04409877397245182,-0.07796338558732516,0.07774110277356276,0.07355957269957172,-0.08747548787273988,-0.07668372269451094,0.06929606198791648,-0.07602107175064643,-0.08492883429548283,-0.07698047356288079,0.08005360784352276
B-H2,-0.00455620249926857,-0.0020935485735263356,-0.0025686632413753603,0.003092730116297787,0.001740138512280299,-0.0008483998465355335,-0.0033654243558202284,0.002269289789294257,0.0022227005686029947,-0.0010648848103600498,-0.0032174838911311772,0.0021061945215066985
HHEX,-0.038843345111142284,-0.06475379587843391,-0.03621948423701487,0.03527453641029122,0.04375038669779839,-0.028167299811520486,-0.029740106956215213,0.03355321063537538,0.008784086316002753,-0.036468991641914174,-0.03170656116915875,0.03335883879547731
grh,-0.11636290844661003,-0.10218893537203455,-0.11835329843718774,0.10760153868039658,0.11806460972774917,-0.11327450038701062,-0.10657515402301633,0.1122754432145359,-0.07721781268155696,-0.12793786131546311,-0.11501637903755836,0.11591351829903285
schlank,-0.03879743223493395,-0.05229274951612563,-0.031987419547032575,0.030802885258371836,0.03589704981461054,-0.02307896793320942,-0.026934734166546716,0.02587484545671444,-0.0010206727592876447,-0.03302505474769131,-0.02538879973706624,0.030241412350847267
caup,-0.19962827442289588,0.04066079910873851,-0.19732385812542058,0.19988450405770045,0.1291007743890693,-0.2062520028867889,-0.21504082577660907,0.2381920610273596,-0.2955910746500834,-0.1287365498618273,-0.20672665581190802,0.18532509102181793
opa,-0.012593184300252499,-0.002038575926427273,-0.005048151348220426,0.007026153043339211,0.003053438994046588,-0.0030216152345934545,-0.008127635101027073,0.007909847452663387,0.000640843561662751,-0.001619411777242611,-0.006815989933070059,0.0045757503059457505
CG18599,-0.039685700394594216,-0.04634587141303276,-0.04005432175570283,0.03910457332219828,0.04363730269294956,-0.03430073673476984,-0.036262836411713094,0.033645178003198044,-0.011276234529591006,-0.04135036629278226,-0.03789203917599599,0.03754942663673422
pho,-0.03860259517700127,-0.05174902272306462,-0.037491305256403394,0.03779256034081771,0.042951076381026534,-0.032393827724865765,-0.03627667940681371,0.02613193699043847,-0.0021428921239870207,-0.03797976618834522,-0.03433563338560871,0.037800042498180676
sv,-0.0526622120180967,-0.028222014995044235,-0.05385721725214617,0.05386474625951602,0.05130844197280825,-0.053061312429347224,-0.05163688689085192,0.06844413726876136,-0.03685965542037079,-0.04865642879492902,-0.05302140717021003,0.05200771071076473
dmrt99B,-0.012367400716378782,-0.008914135858109972,-0.00924138924444279,0.009902437995142831,0.008746626493567238,-0.0064197686146714285,-0.008164362947071813,0.009983383752899627,0.00065057473595744,-0.006696050675947839,-0.009124671689775894,0.0078203885183189
usp,-0.036440638805762565,-0.022982377837985495,-0.04314086058389399,0.046781044073795956,0.04754596591903449,-0.04782567069029791,-0.04539411947374766,0.04232933760079423,-0.05496904584948917,-0.04845609620843443,-0.04732367726709905,0.04985457551591773
Kr,-0.0926591597369262,0.02001232408768449,-0.08498133508821244,0.0921125520673561,0.0809405914875962,-0.0900581122150899,-0.08699327149602568,0.09699712916912573,-0.09624451688671092,-0.07343090953591525,-0.08958526701312365,0.08933964431841494
vis,-0.13905136402208831,-0.06844487798704268,-0.12498174148659193,0.12090528980158569,0.11993377331768715,-0.14306077927083413,-0.11598297686254895,0.11240363868413329,-0.16623981582683045,-0.14174898012984594,-0.11268758189762906,0.13381037119525738
Vsx2,-0.03731753341361763,-0.03144503839781843,-0.044215003554975554,0.04677623332147306,0.0460991363753323,-0.04290519637383907,-0.046280676268006214,0.04425394232939348,-0.00774574371974321,-0.04433463786655512,-0.0440125494436222,0.045435157570777214
Lim3,-0.04653532117075536,-0.031064201624510752,-0.0417497537959697,0.04281640988626499,0.044469788921464186,-0.04094788392605394,-0.03748964138823845,0.04231844429609081,-0.033684709446695375,-0.039608518541059984,-0.04137256455972024,0.042214357932458285
sd,-0.09724839791262847,-0.020307153094868042,-0.11252562634977586,0.11115585359151249,0.0834117002152543,-0.1210347981168166,-0.1179351082619703,0.09048239455385279,-0.16146083865822833,-0.10161263711515398,-0.11381197944663536,0.11541364960140543
vnd,-0.01262934059925404,-0.0015918445437074673,-0.013864439730003076,0.013381356382114795,0.010382845725973363,-0.012659807574125942,-0.014630031525825817,0.014845188284905794,-0.013376142888603856,-0.010784587411162963,-0.014542895568659847,0.01168009908467948
hkb,-0.061848946891944055,-0.06669520938181131,-0.062120322763707256,0.06121967886701722,0.06582478289997909,-0.060293283109774234,-0.053725607119699426,0.047553391833809786,-0.02723172215362536,-0.06343285456944378,-0.055868178753618776,0.05991769219766626
slp1,-0.07256343873908871,-0.19074393711496165,-0.10293733520673393,0.10570124990249793,0.14560848564942225,-0.11357962242411795,-0.11068527636640285,0.07409311516371114,-0.022878568957467857,-0.15158844672948754,-0.10108886400358255,0.12295150077555697
Trl,-0.05850809611383615,-0.03794076233191096,-0.05430389632264791,0.055581700401088716,0.058523003287378764,-0.05155294814297095,-0.05395486966969612,0.0601760576284535,-0.0398682533630968,-0.05069496133224542,-0.058265070397690896,0.055191086852372874
z,-0.04336120920184813,-0.0445542072143274,-0.04729143293991545,0.04616684731525887,0.05219887326323383,-0.04817262146034177,-0.046535873657188316,0.037516653823707904,-0.02494136320083787,-0.04917460552843458,-0.04721675813057911,0.04760409771925028
CTCF,-0.08872778230025169,-0.03348241221247867,-0.09661036968594934,0.09909843096704031,0.08666233229328588,-0.10342622532647378,-0.10208535607222402,0.11812973425925007,-0.1186620273627622,-0.09289909368336662,-0.10368201907824039,0.09882997885416515
E5,-0.06804033178876798,-0.04040737659421654,-0.06380199515897685,0.06154842671780916,0.06532729997482595,-0.05955678493347358,-0.05760601207289733,0.06972407669279389,-0.03739863068763208,-0.060009046289374826,-0.06301812144323686,0.060237585751818305
Gsc,-0.07659222596915932,-0.12429964558849987,-0.07021586122145396,0.06534611474807833,0.0848851842744242,-0.04389530310669071,-0.050135075896894817,0.04882026851255746,0.01056485531776806,-0.07492712320215536,-0.058037094787502894,0.06338030502098492
Lim1,-0.21396180155517489,0.050843397626541414,-0.17568909889284479,0.17542879844941162,0.12741767868291956,-0.1920274070028088,-0.1851882549610824,0.1819500034814569,-0.28839889984220873,-0.13733352769424323,-0.18063874680566647,0.1759389904236593
Ets21C,-0.1352235315482343,-0.1730953413669497,-0.11741006985143859,0.12168936772252714,0.12481495558893514,-0.09821353307098521,-0.10772051233616656,0.08304346301837286,-0.015557217645727612,-0.1219247935367097,-0.1024998454443293,0.11162022334941175
gcm2,-0.10333521935212496,-0.26410341714978475,-0.0982848733202263,0.10000828151865174,0.15414106891397428,-0.06269236266164777,-0.059644374743751075,0.0916166507763918,0.11499326821358836,-0.11902024061283119,-0.08029798889753673,0.09843288514969487
cad,-0.04495448185441546,-0.03462076382925774,-0.04346800703515342,0.04441325111021554,0.044687269635363666,-0.0392194973994461,-0.04019141998233133,0.04892368459745646,-0.019024410946558327,-0.041453775943153554,-0.0421079751837101,0.04252933007868106
otp,-0.04164928198121089,-0.03305479925913159,-0.03821687524687616,0.03773310430030864,0.03979158098201727,-0.03365606475025529,-0.032883034967306456,0.03144843907460873,-0.00196344660923588,-0.031854107700367874,-0.03625567406704198,0.036397224332329024
btd,-0.06815118002322723,-0.10879512077134498,-0.07430433407422664,0.07434909205570561,0.07982821975520257,-0.06707465103828884,-0.06752436318413121,0.06476198082172036,-0.029878243489711735,-0.08047214104688633,-0.07199891950630759,0.07511828403880749
CG11294,-0.08284878320181102,-0.044384968444075454,-0.08207540306145034,0.074418000868133,0.08589408967955003,-0.07729108916971796,-0.06862925495842584,0.09610998055582234,-0.01917809877885662,-0.07953335514880387,-0.0755916622727235,0.07491642657886846
CG11617,-0.047056410721317325,-0.029468705156580004,-0.05069662172719605,0.05081925054741915,0.04651808104035239,-0.05257428448079666,-0.05249367959830253,0.04135891672393802,-0.03273596605172532,-0.04910251731347246,-0.05065315460000833,0.04968785778241836
CG9876,-0.06290872046943673,-0.009783568056105094,-0.07541056091726447,0.07658408578027413,0.05794090255503908,-0.07926753577631901,-0.08264091575782319,0.07613038567387585,-0.07130130231070221,-0.05889347348903458,-0.0794329083340581,0.06471276435848348
Vsx1,-0.08956588298333659,-0.14318147369448508,-0.1296775438610566,0.12674455186844652,0.1649715213794369,-0.1663594479968833,-0.1439761865542028,0.13061533057680605,-0.15061595347494747,-0.17424432623855596,-0.13679526309338028,0.15403939982519163
slou,-0.06097818090352766,-0.055522457303487247,-0.06795811621784327,0.06467470108209368,0.06649770206733818,-0.06966275789316148,-0.06444566038611708,0.05255029908825026,-0.05609863344155507,-0.07133532756784358,-0.06787485197188252,0.0692453500386332
exex,-0.031054367847916948,-0.0376008823612427,-0.03101635693066289,0.02978053961023908,0.02987396283465825,-0.02546706523082775,-0.029320263263979466,0.02571822565076329,0.001070181456799581,-0.030039478196426904,-0.029240388008515368,0.029157303420691286
bap,-0.09301704138615555,-0.17072259816135,-0.08026758316913502,0.08030585861901092,0.09773229621419255,-0.05746195819784327,-0.07113315240974201,0.024050720089003066,0.012731575294949643,-0.09292705662305145,-0.06857398906404634,0.08084936558296513
hb,-0.005335885094724962,-0.001009679893165027,-0.005197686536075865,0.005279886811593395,0.004604921594561018,-0.005076680373163471,-0.005681053382384325,0.005901925023912662,-0.0022098342896117013,-0.0037043467166156907,-0.005873713638330951,0.004567586737018246
Ptx1,-0.0002434525054700153,8.620503200914618e-05,-8.234143494308186e-06,5.702070706489547e-05,-6.766592278228868e-05,9.833508158968247e-05,-9.128861817210367e-05,5.0860119220738964e-05,0.00016192115573063708,0.0001235758065096991,-7.263312431186642e-05,-1.8937241486339208e-05
gcm,-0.0036185398651850534,-0.0007363028486321478,-0.0017995750273929732,0.0019818243859205647,0.001462293430203988,-0.00019675589632552428,-0.0018506291145089849,0.003288367738494869,0.0013668112205178756,-0.001075937124083601,-0.00232079214538294,0.0013855594937955107
pb,-0.060031214236682964,-0.017649114176926252,-0.05579506220013191,0.05525466285192895,0.05074999623499164,-0.050059553725530254,-0.05559891990205122,0.04393862965079907,-0.026452280857887176,-0.050357896805653855,-0.054934278455964144,0.05581228150967387
su(Hw),-0.05760034641447429,-0.0923380128754372,-0.05985115168831287,0.05914760451439159,0.0650794223104994,-0.052303322645806435,-0.05428355377698037,0.04035578677281427,-0.006133588953506232,-0.06945707141468528,-0.05474456271998955,0.057414025834362885
hth,-0.0012209068421801148,0.0009778015064034777,-8.096057411797644e-05,0.00021187384352216288,-0.0002772522356988067,0.00016291258352693386,-0.0004326840775130035,0.00014342839498065804,-0.00036899795743058775,0.0005206008195030391,-0.0003982039157512584,3.60662725628885e-05
fkh,-0.000600822026984992,-0.0005568144001914235,-5.6435114833122765e-05,0.00021463132882412113,-0.00030561248225359353,0.0005494830252634259,-0.00037971095314751687,0.0004104524899275029,0.0026513596854691192,0.0003496506080614439,-0.00018409562904164408,-9.163309737056786e-05
exd,-0.046032452499480556,-0.039006527730533404,-0.04742911114574671,0.048209970006543285,0.05026011739228803,-0.04864915111466706,-0.04624362510015557,0.05415086931607975,-0.04004669370416711,-0.050135037058197086,-0.04782373681586909,0.04923054049343674
mirr,-0.06486565640708505,-0.030656818597202196,-0.0644553291649777,0.06349312868444494,0.06176404528866795,-0.05479197296539872,-0.058787886421003896,0.05992208145230784,-0.014342606823882638,-0.057045132557784484,-0.06592895740001463,0.058448315362434375
dsx,-0.08195195694581682,-0.11240272957444884,-0.07117147119481829,0.0684153443771443,0.0824189170287503,-0.05815727731246742,-0.055087813497437965,0.050611496614312426,0.00040892575701054895,-0.07942200973083714,-0.06285594325477947,0.07036606369392588
lab,-0.017836905360069242,-0.015040955158998148,-0.01984480995537068,0.0204449676055126,0.018085487699562,-0.01775537195958263,-0.02036091131291717,0.014049792786058701,-0.007680260260988554,-0.018619950004106628,-0.019161921478432428,0.017999221036483024
Hnf4,-0.07328257397686762,-0.031615545605219154,-0.06929471658117711,0.06829301118398548,0.06824582979529911,-0.06761932125136247,-0.06852852214980315,0.08353278696769205,-0.04213592976382102,-0.06767758042990768,-0.06879410893279211,0.06851604408382135
GATAd,-0.28631273808816265,-0.06954492002158227,-0.27776161315732706,0.2704468505455366,0.2230601118296104,-0.23926327956295218,-0.2720221363591543,0.33759951718000875,-0.2224361720953397,-0.21183559404277139,-0.27728914640598606,0.24003469871851055
PHDP,-0.0042101798675840026,-0.0032954452056815904,-0.0022474819844505584,0.0025616387981408635,0.0014065999141145307,4.187573706266394e-05,-0.0027717841457202655,0.002630345185572417,0.00736098689897921,-0.0007973932190114554,-0.0024203027130599,0.001512457604670146
oc,-0.10233003476215219,-0.1521609844053032,-0.08848488711110473,0.08471467173049242,0.09793773627691632,-0.0624560519176809,-0.0750176983124894,0.03297427558542701,0.024134161590487615,-0.09603438963665145,-0.07251376425347532,0.08430085943685268
Dref,-0.08296095545400667,-0.03717415514227907,-0.12561504175311275,0.12976997584780223,0.14772172765238428,-0.20123961001158655,-0.1482220231612091,0.15908965337981967,-0.2773462209889129,-0.16107096939966958,-0.1392305320941958,0.1542213559238341
Cf2,-0.027450454074449286,-0.04379865236118264,-0.03062369130684301,0.03041087068484988,0.037176041122668146,-0.02592647231059661,-0.028927186447793112,0.024298043920174643,0.0054362388195294395,-0.03164120827122411,-0.028733132270941784,0.030036789058897482
B-H1,-0.07181048452141314,-0.019553918191418464,-0.06795248616003406,0.07018060392096276,0.0657368637299276,-0.0665681812491357,-0.06694769565412058,0.06934636974298487,-0.049971752343623936,-0.05533832272357858,-0.066843767073352,0.061924022724762724
Bgb,-0.05380977243397667,-0.051033814342231164,-0.056084219733897475,0.05653169995388402,0.06308719071013766,-0.056679174299203036,-0.05475084190242357,0.06144651054615028,-0.024770723459519976,-0.05927590385057361,-0.056613574832893976,0.05830655247689385
cnc,-0.06629086180076597,-0.07007678030207438,-0.07444568047740471,0.07440753172381957,0.07642677779880537,-0.06832625997924326,-0.068883374091893,0.07127300673873369,-0.03299089045626503,-0.0794155464368344,-0.07429125117905666,0.07123437445346614
odd,-0.004352742387958671,-0.002814277457768069,-0.004094430467894985,0.003927663777486019,0.002972534368772951,-0.0024582180288961536,-0.004495088983059634,0.0058471997634288566,0.0009682188365909503,-0.0025456842955177824,-0.004899215150184534,0.003409658359366124
lbl,-0.038653413690429565,-0.03930295617657325,-0.07520433553233154,0.0701865668183128,0.0830787545843912,-0.10069240508537793,-0.07561584751064443,0.07331349109406128,-0.11077604274858908,-0.09321379054960661,-0.0754729609867579,0.08901986042232206
so,-0.059156165220002103,-0.07587574451584368,-0.07729966601685569,0.07483377451078169,0.07650102642909257,-0.07742628160650744,-0.07602180404411708,0.0670913428250612,-0.061010794330428546,-0.08351343950524859,-0.0764884951158633,0.0793626105098325
ap,-0.02912057403940357,-0.015362847982676228,-0.028089809915590878,0.027375589563940768,0.029738477864223564,-0.024128332687917017,-0.024673928005748448,0.034380524161412,-0.004360759465496436,-0.024953185289594237,-0.026130963479004444,0.027185067830352995
twi,-0.1543796512144343,-0.20617625241820978,-0.168151631988755,0.1603439348251995,0.18954556567938896,-0.18504898751256046,-0.173817043797458,0.11746836530802275,-0.15021929284423396,-0.21515547455136172,-0.17642849028257349,0.18437538778014792
onecut,-0.12114386022868236,-0.026301319205001693,-0.12883266051305556,0.1328322648266803,0.09612907118224545,-0.11212861174980328,-0.1369631710608314,0.08546387239593295,-0.04248249040012334,-0.11541108610493572,-0.1340696807179056,0.12439216368438229
Ubx,-0.09884368107034516,-0.08162247472701883,-0.10960861579393702,0.10416779222303824,0.11207391110702633,-0.11660428940196339,-0.10120728379485616,0.11193731133023657,-0.06958887838846461,-0.11769643948614239,-0.10120969029528716,0.11600791726552645
Pdp1,-0.009555454371588671,-0.009817929855974523,-0.00840118772705845,0.008468535798389909,0.00930175515689556,-0.006747872312867307,-0.007745452123506523,0.007301431253233429,1.928169533407847e-05,-0.006793388576746049,-0.0076490542408902355,0.008254015373901604
H2.0,-0.05447940075842605,-0.03589412210408861,-0.0566043998604593,0.05331349866744646,0.05473540331804641,-0.054936544849833326,-0.050997848817245145,0.061875481476819975,-0.044474214664406604,-0.06122263630100333,-0.051749003606607225,0.05712044792784747
ftz,-0.008802941824735701,-0.0009635045027442762,-0.006910408901809428,0.007167438587227098,0.00567245218495325,-0.007312602854138469,-0.0068156892658536765,0.009986615078254458,-0.00631244013319106,-0.004689186300700544,-0.007129987262373925,0.00632836475975055
ct,-0.038664861492414444,-0.032125738132714236,-0.04152774435067623,0.042187024295171086,0.044005005640901096,-0.043553441731692746,-0.04050013144045253,0.043501935619650725,-0.027611489832174544,-0.04529382656967702,-0.04025164623976021,0.04269577229787048
kn,-0.05114972798999645,-0.022113090804023634,-0.039850579420788394,0.038166262251350704,0.037550147444068545,-0.04290748194958353,-0.04326598058014631,0.030051657492950665,-0.04625051847580932,-0.0427616554834771,-0.04120435351334148,0.04286745368968797
bsh,-0.012484221060126897,-0.0049051288339303145,-0.011918178783397758,0.011958130234862361,0.011190944562889807,-0.011696812708219926,-0.011052523815757777,0.01244876560936873,-0.0056427649924077495,-0.009496856526200923,-0.011798160359689228,0.010439047365178544
Optix,-0.05251373706106105,-0.07351664743091699,-0.057609191075089966,0.05892815148562651,0.06288791236709375,-0.05216056403274495,-0.05225789314459528,0.046873737913051425,-0.03538628693826532,-0.06421216881697019,-0.052739373522716265,0.05986022693947174
al,-0.05330535839099718,-0.02576478128334548,-0.0590124044353542,0.05923153488471125,0.05621493008908101,-0.05700673273986553,-0.050017874395952414,0.08029102115197001,-0.038355800274129256,-0.053348585871731566,-0.0545829050165841,0.05630732830069856
Dll,-0.11045170096292913,0.039171527293157433,-0.08576680137134532,0.09431594581902404,0.07191562896490848,-0.09165961679510844,-0.09539783866534329,0.07799717426279501,-0.04794268850014745,-0.06879707771172533,-0.09796745283636582,0.08450910337689822
pnr,-0.09398643318421274,-0.045478496535731994,-0.0728637995252222,0.07479719358429451,0.07580784525904227,-0.06476276709787548,-0.07254686866839612,0.04197448619478189,-0.011176141841245745,-0.07089145470129055,-0.06896886884479643,0.07318251388011683
repo,-0.06766013562163062,-0.042388108542855414,-0.07143503947007125,0.07232496934750315,0.07223019603296713,-0.0702207434008448,-0.06720796648170288,0.07072266688079981,-0.03723241873978761,-0.06909536914101662,-0.06814478750858488,0.0703967426632604
gt,-0.06490712797026166,-0.06280515505134189,-0.07400004434881709,0.07055214880192208,0.07493049935102368,-0.07789059674576788,-0.07408250860741422,0.06872167803977093,-0.049978265669787615,-0.08385436118215119,-0.0719545498922832,0.07950760414423035
Mad,-0.12945840358967572,-0.05375171667589954,-0.1598456942752165,0.1598881295994963,0.1602252953901432,-0.1225035254230861,-0.15453004731213768,0.17422030852395845,-0.06196140775086942,-0.16714401257779604,-0.1755107567249522,0.15748845632260242
CG34031,-0.004324273313434927,0.0004923127290327397,-0.0006388482921057268,0.0005365951148522778,-0.00012059508263077812,-0.0008209391263050914,-0.0007674360799539573,0.004135743186414618,0.003022830009784251,0.0010505928873592754,-0.00032287738600842407,0.0008089954900420237
Hsf,-0.09274497099229816,-0.0878843703309299,-0.09443424109024139,0.09308789845859948,0.09625494142591721,-0.08110652061513163,-0.08394257502608973,0.09184020381147374,-0.031169647552765963,-0.09284534046214073,-0.08966691313182722,0.08993517552209024
msl-1,-0.05288044592952751,-0.002154484058605677,-0.056503402138364384,0.06355021739941973,0.04478348515514292,-0.06446563475324305,-0.0668466522110042,0.059667647417941054,-0.06472479782238685,-0.05245729640556697,-0.06415402295121109,0.05668094939890655
Su(H),-0.011839035642011905,-0.00940856568471108,-0.010307643522290156,0.010746008802160766,0.010699433906271877,-0.009912868859736045,-0.010271201534175607,0.007594488046806203,-0.005464460018049364,-0.010866452599223378,-0.009237609073096963,0.010144158860313373
lms,-0.02631219240461897,-0.0029235368166983205,-0.030955884171537412,0.031224429490167793,0.03530326597664165,-0.03615085990365122,-0.03238446990083624,0.03248856238497039,-0.03211107281660667,-0.03329892325810397,-0.03141945091849628,0.0318430408020198
HGTX,-0.024010422927866863,-0.022618574801873514,-0.030414767570203248,0.0297559041589594,0.03166132749931883,-0.029807286916399733,-0.02901466897948867,0.03365970432293729,-0.017034640009436865,-0.03021225657654866,-0.030531997635730588,0.029264883192502245
bcd,-0.2529745885004996,-0.16918246286840105,-0.20049272339091165,0.20544994132042285,0.22952393756404635,-0.17398925757840084,-0.22234309228381804,0.16750693425593494,0.029409661961650683,-0.16988997383076393,-0.20020026682100417,0.1988493962992195
ovo,-0.05027326428984842,-0.06721833221728431,-0.05666141427758215,0.05866513310517768,0.06177790631051199,-0.05178174831368564,-0.04951365091710349,0.061089667910374894,-0.010557404631806202,-0.0625919866124561,-0.05605230369715404,0.05468973117480773
CG4328,-0.03455243336942388,-0.019374230513531793,-0.0340755054662579,0.03293233336625947,0.03442386880089062,-0.03105576960934163,-0.02987076324728079,0.03642673443702463,-0.014648066492836303,-0.0337384016572799,-0.031947747959931945,0.03343850244663037
Tbp,-0.04466486749571652,-0.038461153185046615,-0.045913811304389485,0.04370929887958319,0.04686363822348471,-0.040908138854617374,-0.038576530346278046,0.03690936344921246,-0.010334080661184237,-0.04645027585607384,-0.04171134623193896,0.043382120844365164
Dbx,-0.1160647582713773,-0.10435559289297851,-0.10587480439632349,0.09875777134768991,0.11208168372180582,-0.08442890428946699,-0.09099961979334667,0.12182531241434941,-0.04261243176773957,-0.10407959683613467,-0.09621863738065597,0.10459177637403842
en,-0.061876612904323045,-0.05029196258697154,-0.069178516668607,0.07196232041506051,0.06939965420707336,-0.06173308145231237,-0.06943832981767546,0.0643245710854994,-0.03998826226011509,-0.07221335698330389,-0.07165780653047954,0.07199769414518728
sna,-0.1671575844919429,0.15735524806002624,-0.1824573145092785,0.18796243357310627,0.1497351048002638,-0.19623420956444115,-0.19941111125169134,0.20827565484125465,-0.22673733211632086,-0.1507948814438561,-0.1839032359676715,0.16821449440740815
Six4,-0.006874583676385619,-0.0034001707005640257,-0.007415564880726353,0.007486279470633242,0.007090036225140694,-0.007929843345400906,-0.008286814580348597,0.006130773024373277,-0.003543236772899723,-0.006992288498942414,-0.007578505234637583,0.007264502995791744
C15,-0.04883353701213295,-0.09500333633936736,-0.05384391119927018,0.053035802126463354,0.06009238717918603,-0.05176722220655438,-0.052927017703506045,0.04240223943510396,-0.0035785429001146314,-0.06395327596156745,-0.04915100504788324,0.055101741424698966
vvl,-0.09744609419679552,-0.31162767170066635,-0.09563084291886301,0.09388166748531554,0.1400412398676064,-0.0666136852147644,-0.07307048160720545,0.0218157739232734,0.1086689254304362,-0.14072790360818355,-0.07602397878282001,0.10298838522244383
ind,-0.13529048740115643,0.013625969337558795,-0.10641566396255764,0.11159219334102219,0.10364001171864383,-0.11400668836009199,-0.10817350171520762,0.10705131146338297,-0.11747407773622467,-0.08989274182170169,-0.116537521321343,0.11205507463888066
EcR,-0.07383151220814549,-0.05598610009787697,-0.06824844190711929,0.069948642934474,0.07237138177965599,-0.0675666965957673,-0.06609739549065073,0.06408827470416747,-0.04944191460611187,-0.07137670638401496,-0.07052066246769695,0.07188040918860077
abd-A,-0.09866024981428106,-0.02667748050178547,-0.10173153121896357,0.10588975662647061,0.09747569242742295,-0.11587637767485408,-0.10684474255154139,0.10422745093679851,-0.11225206139579606,-0.09271555794444793,-0.10872806273786002,0.10564858024838558
M1BP,-0.008681989254747969,-0.010850009421033806,-0.008605655467413643,0.007967164656933713,0.008838843001053647,-0.007247950722000211,-0.007076019118581015,0.007658767640018022,-0.0010053635690447276,-0.009033938709808011,-0.007937753577195889,0.008147077193579016
D,-0.007997419665048133,-0.004379954091665869,-0.007195274475530659,0.007545562486297594,0.007540216178320001,-0.006818557630442141,-0.007286678767020772,0.007207029860469388,-0.005170126365586863,-0.006968553091702268,-0.007369048750963615,0.007104447391433518
inv,-0.027599413418065644,-0.03675615904969928,-0.029289867265203044,0.027698464985575818,0.03317762942311853,-0.024932896861397633,-0.02543688935822613,0.021921795463871296,-0.003520302953521586,-0.02981456378379037,-0.027347218225198734,0.02757425990960184
br,-0.07990415935498474,-0.05382506830958497,-0.08323385482502244,0.07844168712195546,0.08290032083123723,-0.0884376478210749,-0.07548205338808973,0.08834497172255427,-0.0745730607932412,-0.08977212912726693,-0.08161151607912279,0.08747602363548054
ttk,-0.06509461601410461,-0.05416219789606322,-0.05808072497062183,0.056409124497088715,0.062466434037971114,-0.05200130225863411,-0.04958057961309721,0.05646965288006131,-0.021137889288621196,-0.06083708692651013,-0.055002845430322585,0.05454426372117777
Hmx,-0.06405967591716091,-0.051451808495819026,-0.06505779426343092,0.06516277446504548,0.06671343829186503,-0.06518494495526493,-0.05806900603839704,0.06527271622155963,-0.055788852756152967,-0.06247984165294395,-0.0606991990246933,0.06341747244333644
lbe,-0.08562697873726197,-0.02358395415516574,-0.09218034074673499,0.0913532476115953,0.09245972019492515,-0.1029030114575184,-0.09101151484241678,0.09979960217106477,-0.07740675725557497,-0.09690314210450024,-0.09223648674053324,0.0943344954088202
Awh,-0.0391999156003734,-0.031230233601540903,-0.03989998262432467,0.036610718341217804,0.041048738085294426,-0.04176560934930827,-0.03636206128709723,0.03356893350302756,-0.033906579236624795,-0.04519552308415442,-0.03886978208769635,0.041524516808199255
Clamp,-0.125004596765616,0.0031542392836185758,-0.12812276964651378,0.13164600221301556,0.10994133717503232,-0.12028557467162117,-0.14161912398672813,0.12016116688532373,-0.07181014007523207,-0.111420276118163,-0.1266132950961402,0.1155826607928791
Eip74EF,-0.10497448329688723,-0.041856006553734774,-0.10239209114287935,0.10629571749869204,0.10135298950831613,-0.1005594705164208,-0.10187019643432518,0.12355509601118972,-0.07652671969023161,-0.10591737751200204,-0.10733306913554153,0.10353705413539603
ems,-0.004510919573970913,-0.0046106802733840505,-0.00604819902191674,0.005965965949705043,0.005216780512363253,-0.005070380486148795,-0.006008441668990282,0.005330520720395757,-0.0026822415192945532,-0.0051018527589375895,-0.005643278982748399,0.005417416982223806
Scr,-0.02446755747431788,-0.01830390430029472,-0.021081544666623913,0.02059374889523458,0.019744190375629238,-0.018905611170505533,-0.01567975126753324,0.022396470351610118,-0.0041822555717097335,-0.018258858506010698,-0.019582863761830285,0.017539822759051294
prd,-0.0781624116835377,-0.02363318841643914,-0.07576148306546479,0.07811699818919257,0.07019112582549573,-0.07676481536146537,-0.07587549505033633,0.0873052836919538,-0.06504568693018895,-0.06899915708740571,-0.07586816927462886,0.07438181735968963
ro,-0.002283661302384516,-0.0040111103338121516,-0.00256539743291805,0.0024316588091805253,0.003022769953494736,-0.0018318446067581802,-0.0022023353254283606,0.0019015614773595583,0.00044866615427770386,-0.0028517309141623893,-0.002360060724615133,0.0024932781459073437
dve,-9.665541864648858e-07,-3.319614022371493e-06,-6.124200200668232e-07,1.0035963429273565e-06,3.39644759028566e-07,-2.362723512044132e-08,-2.6067517431950934e-07,1.6897975290313434e-08,-8.738825877216307e-07,-1.5023179671063014e-07,-5.372168611329166e-07,2.733448103064048e-07
Deaf1,-2.883401720279576e-05,1.2519137365921425e-05,1.3379439556761005e-06,2.6887426940935733e-06,1.7863984970787742e-06,-3.754889006720957e-08,-4.2070789916634365e-06,9.870104017901948e-06,2.665784505864148e-05,2.5338848759459345e-06,-2.9306823866131252e-06,2.854688166060322e-08
NK7.1,-0.047286074413741865,-0.045429158528061044,-0.04502436341278009,0.0437708801426784,0.04851420854427323,-0.04003033617158083,-0.03878690665104912,0.05072678027933247,-0.011130116617491052,-0.044497586857925465,-0.04331513658417516,0.04313273275871563
hbn,-0.11274891309939822,0.013881648018991144,-0.12724674547153472,0.1208718198616743,0.1137841204158511,-0.13491697432127597,-0.127528912731582,0.15565821971454308,-0.17023850811662786,-0.13061164694123958,-0.12881030482313646,0.13179550399304973
Rx,-0.05531477188129994,-0.04309900856093041,-0.06485684460662904,0.06722200937093298,0.07758181218166119,-0.07352498162081884,-0.061663529472849136,0.08266495327302965,-0.04588882306979243,-0.07106131217605499,-0.06572468668137929,0.07002157408388922
Antp,-0.052220532291048116,-0.03941269708287521,-0.05562677817172274,0.056281508729353585,0.0569033333529413,-0.055953129771288454,-0.0549287564943216,0.056523882020740046,-0.03287516396933239,-0.057051140125247035,-0.05561203491604605,0.05551992783962723
Elba2,-0.06335527507206302,-0.07307117758537052,-0.05640798643114757,0.055901710977130675,0.05887135672456844,-0.04399101921432892,-0.04984978138443528,0.036936414530705605,0.008699137961574984,-0.06068442425055154,-0.0542843360055134,0.05317721775741253
kni,-0.08115414484402854,-0.07866314275920946,-0.08477965834363535,0.08971489097420607,0.07915082582611085,-0.07767044688901446,-0.08224458939293944,0.055775967828398866,-0.01519356145390575,-0.08379308332539157,-0.07877044356453833,0.0781507223191252
achi,-0.1279095774201799,-0.1562320477417547,-0.10952955470001571,0.1145060138990893,0.12544889810381693,-0.08629364794783287,-0.09312844052324576,0.11962828331474083,0.016607961370473587,-0.1146707525197824,-0.1035223685921164,0.10813109255623173
dl,-0.057405146547375246,-0.014427714464780986,-0.06235777149340213,0.05786093757936092,0.06140337949812062,-0.05068293149530992,-0.05423721387891229,0.05882954321741577,-0.033927101623195954,-0.05949407477310229,-0.058220760480500684,0.059534936200183776
CG32532,-0.09099927550597717,-0.20552146984470784,-0.1030964806106371,0.10336073948923565,0.12947710803345533,-0.1039192809801106,-0.1004147959877704,0.05314745414913733,0.02603696059547917,-0.12585197353763694,-0.09857144398553705,0.11235860394215177
tin,-0.028944873512520827,-0.019014099914305253,-0.02838338549723856,0.02791644305127914,0.028475686507464487,-0.025748701462692217,-0.026209306098203104,0.035266010476536,-0.010661349826809437,-0.026023280260633642,-0.027389324617516524,0.02604886076665314
