,Female_RP0457,Male_RP0231,Male_RP0609,Female_RP0231,Male_RP0446,Male_RP0457,Male_RP0897,Female_RP0897,Male_RP0883,Female_RP0609,Female_RP0883,Female_RP0446
Dr,0.015505906197263431,0.09266876410671883,0.06137031452218048,0.06014402690194478,0.0768962979506766,0.056635093581050615,-0.07750365969395398,0.07601249542321963,0.04152267788914636,-0.052244572509960494,0.06723122372893718,-0.07703217846791646
Abd-B,-0.028049384856330496,0.010516874524050607,0.020450248116531875,0.036412644119653774,0.03336512313015096,0.025681488501332863,-0.02880792833553235,0.028443134679096205,0.045920327384629374,-0.038968468442743744,0.03552586314526548,-0.022508355310205463
unc-4,-0.18056713841035307,0.015974774281792788,0.060517334087510206,0.08813865273013145,0.08981655458935747,0.040876933772918136,-0.08719367292999212,0.06978846960982177,0.1413584566135234,-0.09740694891869665,0.10209302699159074,-0.06019474474949212
unpg,-0.005212972752167164,0.11599251596901541,0.1163494305286312,0.09623933912999427,0.11326786974188682,0.08050202699145276,-0.11664369501992347,0.11019780004229986,0.08333632375356029,-0.10400673262947288,0.11534657578095353,-0.10902573603497341
pan,-0.16105352755978786,-0.029762316974116652,0.11233515315270405,0.1242268524234782,0.139420431462209,0.008799324230326398,-0.11423047336762492,0.07546344877946967,0.2928690080810223,-0.16436585230210052,0.14175502472535226,-0.06194736607738692
Dfd,-0.21328742165335537,-0.0028445522329585476,0.05331961698087759,0.09951106760540215,0.08988560348245013,0.01618361898590274,-0.08317054185066317,0.06565912416650897,0.1700566267781314,-0.09994736110485294,0.10919683265998498,-0.04524464269584605
tup,-0.0767452594427236,0.06085578473646792,0.06149865262950568,0.09533329828708634,0.0903366130343568,0.05864590024991565,-0.08615841866881176,0.09119672548205976,0.09412877412930942,-0.09187100922670578,0.09267236228687797,-0.07752526469180142
CG11085,-0.0370240100661542,0.04102144413309427,0.05680620544910308,0.07033158751967857,0.06959857316691662,0.0634550687081323,-0.06398465688062395,0.05622634381296175,0.07306327273771022,-0.06972439823488345,0.06584339638302801,-0.05025346353964647
Pph13,-0.005927232770206036,0.054888704779878374,0.04973350661164361,0.06789249165893547,0.06544304650357227,0.035020039616545345,-0.06331381126402276,0.06658495315813445,0.06175351813629691,-0.06179706513365357,0.05769331755080061,-0.06568762089972642
eve,0.5060243423792309,0.35751192129081655,0.3587804290743233,0.179796092443153,0.23848047924831012,0.3364451184422967,-0.24592162242431448,0.263108263869809,-0.005498590869677295,-0.18833766900445842,0.2140093751799037,-0.33214066034474116
BEAF-32,0.0001225544789292189,0.06833950651828789,0.11449457400107906,0.09355770579342133,0.10481629627888187,0.05725928925771547,-0.0983175378575181,0.08051637966550748,0.11635385249524315,-0.10453332726189778,0.10694666612054401,-0.09318443550165395
brk,0.15945714181550596,0.3132033089118363,0.062567423592613,0.17496404656055473,0.1761851301123111,0.17979045532947674,-0.18022390164578314,0.18443678564225707,0.13107404300061065,-0.17068173990758978,0.18151908819579887,-0.2176431716724379
OdsH,-0.04036382730290572,0.07883890449268624,0.05407044439499116,0.10490050051985038,0.10952441120312977,0.08981993367544881,-0.10734245994900918,0.09096434594489057,0.1502551734408391,-0.10968194369929736,0.10667660254315388,-0.08367811579808063
nub,-0.025850816485896287,0.09351040608107597,0.08311251981039453,0.09542310997932116,0.11065803802790164,0.1164811675342383,-0.10020871239611993,0.09685688053825235,0.11399279031362125,-0.10534030648789745,0.114570955793965,-0.09389482760965578
H,-0.026732643479856568,0.03172216510423622,0.01693575237362157,0.0409637679653865,0.037826918203972895,0.0239406320501034,-0.03683296006015358,0.0415924480952863,0.03821573277711072,-0.03541158231987773,0.04212924927872644,-0.030945485485090563
slbo,0.027819367832314416,0.08043880897820407,0.08338624305719147,0.05918545450591879,0.07470269924693022,0.03500473104659961,-0.07970061290666267,0.07448865982746967,0.020471260336018152,-0.07705800383230622,0.07275322619739703,-0.09442022561059696
Lmx1a,-0.03648452411843348,0.04738591932402247,0.04948522368729488,0.07475498444044702,0.07074043344940222,0.06575553806238378,-0.06272871821789364,0.06927445738638666,0.09290396082524402,-0.07069595139140816,0.07307241183456009,-0.05023961389395449
zld,-0.027963868501724384,0.073421089620032,0.09515002680248201,0.09177786165096803,0.09245406136989286,0.10376083584407202,-0.08823231229278422,0.08734849089614108,0.08475990149232066,-0.08220369908475174,0.08262007704494977,-0.08226707705064717
ara,-0.04082223418435659,0.054211826593148764,0.024203918048712494,0.06292340962700153,0.05681791159005042,0.009535131084785275,-0.056895901250896025,0.06497911442232981,0.06294407081650702,-0.05044727746197302,0.0652999454676763,-0.0516898388191372
Stat92E,-0.03475106890589272,0.06584919548151037,0.08323072328012812,0.07467493232794355,0.07805303283831419,0.05561970869210519,-0.07697662019274704,0.0729975764178798,0.06497146455633561,-0.0717289600829642,0.07724420456611632,-0.08213642232073962
B-H2,-0.0006334837634764188,0.0040392797096905795,0.002258271811537662,0.001823862133894051,0.0024129465905464347,-0.000847583411571662,-0.002739511968195598,0.0027761125880204603,0.0037947642889776313,-0.0006428637149051671,0.002749169736006175,-0.0020632049147798304
HHEX,-0.04086268468783296,0.022765104918204472,0.019317148131238557,0.036947541139997896,0.03498191210923684,0.016585462900507674,-0.03110109691225407,0.03606126174256017,0.045772593664363995,-0.03581682652797493,0.04212863384556428,-0.03135963720956675
grh,0.06359918829689484,0.10474201442221646,0.09205050370782661,0.11438284231423274,0.11337500221704987,0.06497720803695213,-0.11182303809821997,0.136620913463854,0.14270623234747193,-0.11918314413458285,0.11512019116446262,-0.1193710661577398
schlank,-0.02520436043705339,0.014606009692135158,0.03371089210278054,0.03669658920757638,0.02978036584971353,-0.003654503878738416,-0.03022701638467778,0.028194249231329925,0.04172876168528496,-0.029259465672169336,0.032746157501300444,-0.025456990874914702
caup,0.16617650962177377,0.2149637917634835,0.12237852326377527,0.20480356269898778,0.13518362674427284,0.2920390386796322,-0.19346520101006578,0.22927627293048525,-0.06526843502867838,-0.1372680936516938,0.14740595240303223,-0.21897091506278826
opa,-0.002059316453157995,0.01192192632004086,-0.0036635289401590436,0.00433349623857601,0.005497010605681333,-0.007939266394814057,-0.006082363990100679,0.006678417217092463,0.008382599107374414,-0.00041009545456819284,0.008021191171136493,-0.0037555611819586306
CG18599,-0.0053152069832500815,0.03754548130323017,0.0480308637956049,0.042852575072307816,0.04049026220914816,0.03626796844002519,-0.03928667827775707,0.0343437590933098,0.04740201173716363,-0.04183924438367585,0.043660624906733635,-0.03490664133721607
pho,-0.005433055723903718,0.025494706202327588,0.03172223916082652,0.03916437162686749,0.04161411233555071,0.041770559626292586,-0.03934476415932648,0.033384722912668786,0.04797636993450713,-0.04276627732837279,0.04118413943500549,-0.03395040394291324
sv,0.02921576384465075,0.05691710609547059,0.0438628385174377,0.05769217251198992,0.048885615113804896,0.04374003570099656,-0.050761897751466264,0.059664704619469176,0.035720884695587006,-0.04833835754956848,0.05088581540124371,-0.04729540571095041
dmrt99B,-0.0036588824375451815,0.009407797895167764,0.0072587271790960535,0.009281380882095076,0.008344269956367495,0.006844009022801259,-0.008616460058185595,0.009593708318205867,0.01099524338281335,-0.007547298340944732,0.009797036910360588,-0.008990932923552568
usp,0.014087176916316444,0.04724490196011088,0.05615001130166435,0.044692408423077076,0.046818952426413686,0.02713471769282232,-0.04710692990225055,0.04562738782620215,0.032507882094447625,-0.045723263059783234,0.04327209122253983,-0.05017567376106845
Kr,0.011775115952577133,0.10147074164968245,0.08440179432335056,0.07884057106540227,0.07743703978977053,0.045760794887220034,-0.08290092831554216,0.09633210219906797,0.02384558279078439,-0.07464878814048184,0.084346065705088,-0.10529412179587772
vis,-0.11854627129499498,0.09285718353043866,0.0672061611938818,0.1134026964120653,0.11586146737098073,0.06243304830111374,-0.13212665474224247,0.10502102010868089,0.06148011355164678,-0.12600822336693487,0.12021680380511884,-0.11228897520694614
Vsx2,0.026536657342141303,0.04096655097997673,0.05052398095649053,0.047075990215409445,0.045441171797564094,0.06374649468557096,-0.04676620707875847,0.04474767221433663,0.062332008582323024,-0.05073718601268861,0.04865337013573472,-0.04471884078738304
Lim3,-0.006167635107339303,0.038462815078911805,0.04247908191864196,0.046359535536088084,0.04355776143952644,0.04076450327079961,-0.041476232548230595,0.04160275068819906,0.03685552674982927,-0.04172777019221088,0.045264791438367764,-0.042047405163297955
sd,0.009531702119479294,0.11211132918742667,0.10373712592696575,0.10277144007614845,0.0989587530320422,0.10753158624221029,-0.11163806003737368,0.1016097956645392,0.04933793260791916,-0.08945792559723634,0.09381650076588385,-0.11371687409239388
vnd,0.009196274861744801,0.017707747549673032,0.017402023327159802,0.013485582608752029,0.012684612839994109,0.019129465864790043,-0.01289536162483652,0.013943606978438714,0.004254926771157345,-0.01202953740907276,0.010565228111030292,-0.014558823277505807
hkb,-0.09021852832437748,0.04353214734525324,0.025370662633584784,0.06277897076358147,0.06621159418400074,0.04530446902245181,-0.05715358754791999,0.05850682405275372,0.06723339184669816,-0.06796866309889274,0.07020450105997972,-0.058169435416889854
slp1,0.051458541533835854,0.06939721216932311,0.183834266629665,0.10207915869634818,0.13385309674246906,0.09453422136791864,-0.12295177036334819,0.10382272610693664,0.14734450944130642,-0.14450935129752576,0.1364760087383781,-0.10618410443707466
Trl,-0.0028233491792732076,0.04236344553995972,0.05717173937095497,0.05712354087111128,0.05623114517256295,0.05298856506473711,-0.052225497198297624,0.058914285011645876,0.04669717597478237,-0.0532011768194894,0.054449417889934244,-0.05006749465827676
z,-0.00565008251118502,0.04098014646557059,0.05576772274237986,0.044528722355904764,0.04995717539297085,0.04524012263322569,-0.048027724154664886,0.04336603441191282,0.046945037661527446,-0.0506543756507242,0.05216569006073599,-0.049833664489908634
CTCF,0.01747530325081803,0.08009042223584095,0.1125248009492281,0.0880733485389244,0.10202320494426903,0.0790037005506586,-0.10027224561256987,0.09589696098119141,0.07938531064042474,-0.12335757655038064,0.10523411926641313,-0.10502639191344337
E5,-0.04665542961151454,0.04920751857694743,0.05674807508925381,0.0659882790402078,0.06275819135682184,0.03501644595856923,-0.06037438016073636,0.06388231236834073,0.06137691768105624,-0.06186787837503571,0.06818906935977137,-0.060071410421640575
Gsc,-0.16161769389687436,0.022832993974578813,0.008089730691347097,0.08422637446301687,0.06776016819663082,0.04721473454666781,-0.06342532439184556,0.06973454948541141,0.1068342968485226,-0.07685286920346303,0.08576759010613766,-0.04983167400478168
Lim1,0.015391840526318033,0.2134370797278075,0.1711125097031336,0.17553617516119716,0.13888548458772437,0.17231739431707946,-0.17972857181398055,0.15898459387150057,0.033696119262420894,-0.13403951863088298,0.1521415986291619,-0.17223842778968795
Ets21C,-0.11171138406805503,0.07307928385977495,0.12005792746137087,0.1287221619932861,0.12754000119409808,0.08092339581369758,-0.11806004991519478,0.09869935716692511,0.15700072958817277,-0.13760629811783479,0.13323402837770015,-0.10144538607118958
gcm2,-0.20968031819220687,-0.004959232024612719,0.04852652516800983,0.13363292786101477,0.12058358647168464,-0.02826995061221311,-0.08575911980982161,0.1065974860701038,0.2240269245050073,-0.14181366713428653,0.13660027770653105,-0.04671580050947703
cad,-0.025876150736764057,0.03986915934638723,0.037422412571427054,0.04784114553614112,0.043359120002816456,0.037580092934209504,-0.04090607376048804,0.04662669647852861,0.04728643459135048,-0.041462037236560195,0.04768427987950719,-0.039591948193287756
otp,-0.027459191194864313,0.031791932864154875,0.023825789841308502,0.03837768309786297,0.03721081722629388,0.005967336452146262,-0.03339868826943545,0.041291430707830874,0.03550776834695433,-0.033434930841777316,0.043651856564184285,-0.028376498712064477
btd,-0.048261846769663254,0.048127789737709835,0.0685533368764078,0.06990300495942801,0.07914030253250123,0.04455981184854866,-0.07556235852334853,0.06725625296704552,0.0794482555962984,-0.07674918271751208,0.08023911497007222,-0.06844969997527937
CG11294,-0.053094840193014,0.08346701181719711,0.031633636113842706,0.08618224293299256,0.07845342128500635,0.075791180599067,-0.06783029146481301,0.10061427612373772,0.09133405066597171,-0.07220964957645341,0.08708909165939985,-0.07432721549671063
CG11617,0.03830086796964198,0.05210619918531681,0.041353207714113674,0.048565110961682395,0.05100848853462452,0.03372056077480174,-0.050322339757688725,0.05022315861271449,0.029845554117882842,-0.0470755447461035,0.04344870354788491,-0.05110418111322769
CG9876,0.002343896723711718,0.09444087207526439,0.0547774948865159,0.06815487897763176,0.062193128767433686,0.10628448849261642,-0.07696503866563786,0.07377170759091495,0.021842059008513187,-0.05632277220725522,0.061344904353522654,-0.08456444448385116
Vsx1,0.11549830690350334,0.13031692558211752,0.18031503155037767,0.10948409201101802,0.1577228822434809,0.1196734116646133,-0.14360045880254005,0.12288920909929886,0.16293514407668316,-0.1330064116937038,0.13881124732055608,-0.13026159776911742
slou,-0.01904533513862552,0.05522350606034492,0.05951724003436326,0.06395569379071106,0.06583831043580173,0.0331558950557658,-0.06760493113745103,0.060062906258140744,0.06189790641370461,-0.06394623968761896,0.06908890485874408,-0.06272859906964437
exex,-0.00905914722280101,0.025559243659061336,0.028221591772509314,0.028301781175091332,0.02924244848614789,0.02257161406409457,-0.030184715097122675,0.0273258825188327,0.03515740083129035,-0.030612131091747943,0.031500363852846096,-0.026218115477578654
bap,-0.1197181596015623,0.007255450766242344,0.08392908883467574,0.0808400306706175,0.08905522257587142,0.043078152892758896,-0.08445546139608433,0.06411903964602833,0.13097974370702356,-0.09447099184043307,0.09017857901843429,-0.06413244752501165
hb,0.0038948259747294688,0.0064843459315211596,0.0039053112015376423,0.005946540654633575,0.004765719731658157,0.0059778023926525545,-0.005063550001035,0.005715811932190101,0.0038554637045776444,-0.005488583386448988,0.0048211476198317706,-0.005114936047641631
Ptx1,-3.618331600046e-05,0.0002241458318850424,-0.00013595430108001021,-3.5852007912050906e-05,-5.901823370300889e-06,-0.0001867501851816136,-3.394457702723274e-05,2.8136780152669435e-05,0.0001657939213951459,0.00012831997509402026,5.786113717789352e-05,5.26787563603202e-06
gcm,0.005053366677657293,0.003054283032542607,0.003449343318976637,0.0015093478115672085,0.0012876838413638974,0.004703965733577357,-0.0018478048219491836,0.002428482622237777,0.0022078662649236457,-0.001070961128696231,0.00204384572674346,-0.00239684385046948
pb,-0.019523754332040948,0.05312619811854003,0.0473815152769616,0.05307073246431797,0.052378405667918036,0.033585069970867694,-0.05545665967537613,0.057785846567180735,0.03168749964173785,-0.04592917762721646,0.05013194522060941,-0.0545005807793267
su(Hw),-0.07183653252859644,0.02115038639925418,0.05109420271153653,0.06679465652396004,0.06321157720099313,0.014486716495554726,-0.05858068538742876,0.053449951091735864,0.07480960559534304,-0.06536554930114985,0.06114731372222497,-0.04481577209785393
hth,-0.0009787713281959863,0.001120124184975034,-0.001716554784537531,2.594387892557353e-05,0.00012121902163209913,-0.0011971552915705566,-0.00017464741054024587,6.125494987713098e-05,0.0007657802828107676,0.0006079361450236951,0.00017673587497960653,0.0002908679678124684
fkh,-0.0010411521227166429,0.000701187128174191,0.0008601589711998245,-0.0003016935746249047,-0.0001453427217318222,0.0009673401350770801,-0.0001815991339896201,0.0002308634570127136,0.0016533668032440389,0.00024571801763099255,0.0005379375857753147,-0.0001569224040520741
exd,-0.03487740728935324,0.03740812150961754,0.03845062035402463,0.04589001459196947,0.0492914544359365,0.04807705142503294,-0.04877446921754849,0.0426505381035621,0.0330299672216151,-0.04734663525256039,0.054969385243353305,-0.04803659831365539
mirr,-0.04014688760891748,0.06317961830450829,0.056686321371088026,0.06878909430528943,0.06049519428275124,0.05865921341301562,-0.061720556771197026,0.06912537547443715,0.0495472667051129,-0.05679315024139045,0.05639790093568333,-0.05074120103252984
dsx,-0.14347911919789313,0.029675520403625595,0.02752861155698183,0.0802998344541369,0.07382017681943268,0.01430341254724881,-0.06848226913876544,0.06519348611174318,0.10352965075223988,-0.06337753676037701,0.08068838292760322,-0.04812378910569455
lab,0.008788864882005566,0.015882321024357608,0.024948566761763158,0.019242765746187874,0.020098497820858468,0.01915867376644844,-0.020709426237859478,0.018160098340379686,0.022170845753926634,-0.023026426893574547,0.019870619725576837,-0.020946551886257433
Hnf4,0.02375825244184103,0.0676714893113246,0.06405292514231399,0.06610027929664311,0.06424651950083826,0.09637307689536838,-0.06786994037163659,0.07489468520476188,0.04147419148420985,-0.06152321391765927,0.0785256212518065,-0.06771487924409296
GATAd,0.0912097944796845,0.20976964978345825,0.22070017294225872,0.3169858071729264,0.2249327091421882,0.3650574339689492,-0.26255497116659454,0.3089368463217667,0.12031652493583371,-0.2500066962890325,0.22261512574927303,-0.2650632276465809
PHDP,-0.005663956646724029,0.002831252509602149,0.0019030859188971278,0.0016871819556619012,0.0015331678713348758,0.004033471037497228,-0.002386296779406732,0.0021938734485268535,0.008438101202528893,-0.0015290572162348116,0.0034855424923173135,-0.0016837239142521573
oc,-0.13307818787844253,0.027712328859178646,0.030919036676303475,0.09058222759275183,0.08402684157810572,0.025088942731296096,-0.08632916120856914,0.07086037975585478,0.12547811914170207,-0.09744834889667901,0.09882866148960887,-0.06956515271883885
Dref,0.09673243742990015,0.1248393578789763,0.23263881729314392,0.09146700153217213,0.18334693227568327,0.13586196366218675,-0.14974827521548414,0.1225860737502292,0.11378822682263784,-0.16830791858235206,0.11653168630466826,-0.1630722708305736
Cf2,0.00041767211728379163,0.02319388585787273,0.024544291293065384,0.03466279499888225,0.034566464076472826,0.026150292353700366,-0.0309704579311207,0.027738079264481203,0.04876315054980103,-0.034530458354772704,0.03626539395388581,-0.02368730930876684
B-H1,0.01236636491670952,0.06853900811984387,0.062497663415786275,0.06673259844994238,0.06774657383516923,0.05773247989315818,-0.06722522863931388,0.06834638063552062,0.038801903902420075,-0.06444773082628685,0.06557157669998899,-0.0715155725063274
Bgb,-0.0026692144772398046,0.04843198723746983,0.054312641617403366,0.05688573612969259,0.05893747661260432,0.019423568411681233,-0.05599752424585865,0.0568937263753603,0.06342392626681868,-0.057451776328826434,0.062213618028673486,-0.049063744288363645
cnc,-0.0190450774044567,0.05433148033667173,0.04669280252104796,0.0807491141532882,0.07806187933608262,0.037776083652824644,-0.07392966760143116,0.0675889835760262,0.07728707684719986,-0.08058606011448924,0.08125327645865589,-0.0703400150743947
odd,-0.00451926950144067,0.005219281761854717,0.004465625379610241,0.0038374861010527584,0.0034050964017225713,0.005463243439871797,-0.003715493875551065,0.004371227479649016,0.0065425908530814415,-0.0034411609418783804,0.00457158754101045,-0.0036271166958807242
lbl,0.01185871696349907,0.07717850050833912,0.07876365734147711,0.056318489358728734,0.08687900495377936,0.03393936470210813,-0.07556522351620039,0.06987738927303057,0.08455475836581557,-0.078890010483649,0.06083114486418693,-0.07363204450505059
so,-0.007162404647010909,0.0695006409540683,0.06917496480576273,0.0719723866226657,0.07899789728900511,0.0706856612386845,-0.07845819744220238,0.07204245295980191,0.0843810748105764,-0.07615944273565832,0.08246758228429249,-0.07605104862666832
ap,-0.007202349076255326,0.02661468860204215,0.022218769945739777,0.03002744036514551,0.028053522212383303,0.014169789748295459,-0.025262056843601013,0.029385744859932467,0.02731975440204285,-0.027705058367677185,0.03297094244755817,-0.027456937918759607
twi,-0.11912550747673187,0.11095626654356759,0.26397641022187684,0.13848930591053563,0.20317388028377215,0.16703270584003596,-0.18518118277763565,0.1260497399555008,0.2557782177218441,-0.20615420423529918,0.1708613585471721,-0.155012310851774
onecut,0.09503940423888696,0.15626661910171238,0.08112761238042066,0.11290674321080138,0.12116779903633357,0.16365613118866212,-0.131101363066753,0.12670223792792495,0.07620657815898818,-0.09498189149492636,0.11054481221932572,-0.1482581635318931
Ubx,-0.03203077647929149,0.08756978244225835,0.10763603279931341,0.1086598495098268,0.11495301199545242,0.059115288433879816,-0.10915870187591127,0.09943549500071039,0.08662276879794321,-0.11416226043760003,0.11365755447959568,-0.11005170855454692
Pdp1,-0.005358836645669757,0.005103510158237989,0.00835735511825056,0.009227230340699758,0.009226488295718694,0.0029941079123257676,-0.008478185483134195,0.007279112793252688,0.011254532711769488,-0.008760757450680647,0.00985928409169387,-0.008356942218399355
H2.0,-0.0310569109077499,0.05238019765592881,0.04407597643767,0.05797740272738787,0.05647847155247144,0.057430283435383644,-0.053242566007513745,0.052937227055339486,0.051337078976921885,-0.051423290685786965,0.0555917003932594,-0.051164659518274064
ftz,-0.004158741513234067,0.008897733481589386,0.0025922546590768265,0.007651545837661238,0.006322177548132291,0.0029341728189856454,-0.006350950948018003,0.007880667699454096,0.0012902009044954373,-0.0047710934753213,0.007584517647361784,-0.0071371080089839105
ct,0.003692468118213812,0.038572688326303915,0.04358113171557215,0.04344796710615691,0.04547752832260189,0.042939496487275616,-0.04138863773091444,0.04183578033372848,0.03613974909311768,-0.04315086328793553,0.04518600417338103,-0.04115938933827284
kn,0.015692816109449066,0.03499425917025569,0.04586422947165766,0.031253785284155795,0.036002105350690504,0.03326032499791938,-0.042865760450252935,0.03349758316640679,0.02277458662598657,-0.03188643159392282,0.039235025873772936,-0.039266676552557216
bsh,-0.0017861189351336816,0.011934724984485985,0.0065483787557052385,0.0117993385332192,0.012725859360272849,0.003089361169507729,-0.011237686882676567,0.01072404764079182,0.011405507459151438,-0.011314822578282828,0.01238731982039062,-0.010663185357349765
Optix,0.006148841023487604,0.03673463944631355,0.06880173266581469,0.05780675904668368,0.057390293520059955,0.03580082746079703,-0.05729735080775187,0.05001614672474338,0.0630435859130586,-0.0600719144201818,0.05905073987647643,-0.053039465909774354
al,-0.015640523743715183,0.06678558319578197,0.03142548724336183,0.0672868328261763,0.05681539910323301,0.045945615108591006,-0.05260864374109912,0.063891887773039,0.05995964906600405,-0.056620226636335716,0.056004940285493986,-0.050273720359994806
Dll,0.04617267335135783,0.12609083185918152,0.08393408681484844,0.07279228088423076,0.07773594814780839,0.10700076377370764,-0.09287978688993319,0.09440273169238152,0.02457429456616954,-0.09171286806729376,0.09065667928831175,-0.10682163264872765
pnr,-0.07607076795587307,0.04465694838537154,0.08086742825753887,0.0688124782592298,0.07050577121854851,0.0219180433195159,-0.07423956527806147,0.0669768552346488,0.08819931682858091,-0.09320308879148309,0.06972655315018843,-0.07111243043218905
repo,-0.02956644302004932,0.06759319348147716,0.04815350716608242,0.07876238659729928,0.06889493848335919,0.058452306793439636,-0.06844791974851511,0.07189332734686263,0.059290217662195784,-0.06269719774589384,0.07729048042875221,-0.06187962996845075
gt,0.0076025057910806505,0.05821455637584839,0.07973480069133693,0.07141715572632752,0.07402891010007875,0.06661579219568647,-0.07735886837475149,0.06313671255380013,0.09076068253086374,-0.07322659416043201,0.07297382752270984,-0.0701516984528
Mad,0.174682096291543,0.14063214012002642,0.12737708731287822,0.18173803266013322,0.1574793902991134,0.21127489752224932,-0.15393077421178805,0.15686342582717902,0.14466186176201107,-0.1593388882558032,0.1781435442025245,-0.11963160031611018
CG34031,0.004334961233908632,-0.0005591007261602692,-0.002848464035701694,0.0015023541764294312,0.002288181952126146,-0.008279933407854562,-6.632911353793794e-05,0.0013899781826900099,-0.0011427697424531262,-0.00045592356924815323,0.000472212467839488,-0.0013973126549462057
Hsf,-0.028934160355853434,0.07735846629877298,0.08566525705335991,0.10052318055580194,0.08870459700084324,0.1004253307850738,-0.09285548564855278,0.09522548814241207,0.09773231539809969,-0.09541083074689481,0.09893153636989047,-0.08518280106293608
msl-1,0.08191222617310681,0.09019088318838611,0.06345423634573827,0.05053660461853488,0.05540181425045024,0.09434300220242814,-0.06297732380543376,0.05605562689400407,0.05743872856757785,-0.06236618305822383,0.05203033615116625,-0.07505060447462514
Su(H),-0.0012954175026166882,0.006829879111368776,0.013135383528663698,0.009725661018951831,0.011837533814280038,0.008813802996339767,-0.01082049666255493,0.007868671702174356,0.011873981722827333,-0.01274576746343969,0.01104101681922688,-0.011436084754151697
lms,0.0702318365687026,0.037938467942671486,0.044817750334343896,0.03323775931456051,0.03004115351283291,0.03818310221031052,-0.03197183679947693,0.03469733890319343,0.01627231457990372,-0.029134321950211158,0.02955160776973691,-0.035836573939633534
HGTX,0.006582662135878849,0.026035262755268792,0.030196818508707663,0.03056144846535223,0.031828116229848526,0.03149817892994241,-0.028315244969384017,0.03213829910933823,0.03742849086568672,-0.03324325542874792,0.030779421112579843,-0.03231069339627707
bcd,0.1472669145878752,0.18238229276835355,0.2573747836462891,0.20912395094371697,0.2071208721998477,0.18764480775761383,-0.19706419041053955,0.21224783663948935,0.1759918117718182,-0.18919842489762786,0.18794922393225683,-0.18543241510005173
ovo,-0.05339554485536536,0.05322581852575482,0.03895603745698407,0.059556220583400876,0.05621718494953819,0.05467687480736586,-0.05386378654484868,0.06228954241902018,0.06312946180582743,-0.05282720437370597,0.06505122904637618,-0.0517844506530652
CG4328,-0.029358794813958266,0.02963402090578109,0.017652500898391064,0.040758892740879626,0.031127312238706146,0.03680861552607986,-0.030859088080967,0.036112838491041396,0.027667876258682524,-0.029333431142252994,0.0362603956438141,-0.026032976682554124
Tbp,-0.028317810521643515,0.035904124139767055,0.031898575826279814,0.04831930780711058,0.046795474940427656,0.01951974226786504,-0.04371059754588439,0.0422729938421789,0.05458208151481459,-0.04286675534971494,0.04860002598028124,-0.045249820159542514
Dbx,-0.1881820691957386,0.07693326615123271,0.04851051151111527,0.13433171283422196,0.09290810834283943,0.060264264738553175,-0.09490095883388994,0.12435802911873527,0.05557501229580968,-0.08652666166069463,0.10309487720226967,-0.0712550135683217
en,0.025226786536815368,0.07010927802981473,0.07364546968605744,0.0722544581025447,0.06599403663518288,0.0746010940788087,-0.07188194978032258,0.07475693840491238,0.07430769067630714,-0.06498885115785565,0.07522756265816406,-0.06328530649770497
sna,0.2876989909392276,0.30849814554444405,0.19340855510574684,0.1771582338258966,0.1693025604254116,0.2894798141146752,-0.17259423557085599,0.19712515621635654,0.058250934100626074,-0.15607296927839157,0.16247381045439507,-0.21545555281813025
Six4,0.005926096695011514,0.007842722787047961,0.008673450907232842,0.006951128968380074,0.006918599542419022,0.010668446997056316,-0.007993324409489126,0.0068393232534398815,0.008216448167386677,-0.006621946663673256,0.007686654007108296,-0.007992816554250324
C15,-0.049319897296362845,0.023451203193089076,0.06077412337061037,0.05756531276441199,0.058197399043352825,0.01035789859221088,-0.05721318315253726,0.05091025384639106,0.0764182940601059,-0.06744515739296787,0.0659828768552515,-0.047222258539495944
vvl,-0.24121726649084788,-0.021214283380225147,0.07052558683800025,0.10551453777449968,0.11378240290238682,0.056298375904941536,-0.10045141477407481,0.06378634177348812,0.22889390007525562,-0.13492063394245138,0.12984065078763368,-0.06558096107927437
ind,0.006163511855076811,0.10645895717951513,0.1028583618826459,0.10039665763832625,0.10498169084796044,0.07738160835651046,-0.1065035488181358,0.11131070025183655,0.06243322134152714,-0.10395727815789318,0.10762142392445423,-0.10382570625916342
EcR,-0.035431317785339415,0.06244286634640415,0.051980019380427525,0.06879874896585846,0.07230202752130817,0.048809620889454924,-0.07014055529010944,0.06686176231847055,0.06979041344486127,-0.064523514715298,0.0737057789366818,-0.06035491436190715
abd-A,0.03368439344400178,0.10747586696400958,0.10047079623124067,0.09896792387609274,0.10892420432141614,0.08699059058555136,-0.10538715367091667,0.10527846464983245,0.09210259268779487,-0.11659724597026873,0.09741878325300576,-0.11713108107326244
M1BP,-0.007612942068218122,0.007632291963269304,0.005507065684670515,0.008817817236416023,0.009010438467018008,0.00756263701529455,-0.0078925644985881,0.008907384431314688,0.010104978032842769,-0.008242709942138339,0.009336014279853465,-0.0068719808125762985
D,-0.002291367636962856,0.006189983410082364,0.00939181514420974,0.008223240122147257,0.006778748466368308,0.0007158784253220127,-0.007085094209213298,0.007195760858864082,0.005639670271126825,-0.007073347294328994,0.008278837522997382,-0.007189508947494082
inv,-0.008692466986887448,0.016127263479895786,0.026500065941943318,0.031231482922686706,0.03055462493697145,0.027013475209757422,-0.028252458409069234,0.026319775114828754,0.043750137698497886,-0.03564608276613891,0.02985648264139809,-0.025407577818481013
br,-0.030162329468557555,0.06659646114569866,0.06888340386955534,0.07511620473938155,0.08152180387640492,0.05694453694605265,-0.08196403518381581,0.08177134868799209,0.06649039335030495,-0.08609818502609574,0.07738719506904546,-0.07787015706234897
ttk,-0.06428816248567722,0.04559661893358078,0.0472299996440326,0.06554956154757967,0.05398117476693554,0.02871210727313151,-0.05370522121441887,0.05528109587600397,0.0699299079067318,-0.06190791248210082,0.06518785171560235,-0.050577211598528134
Hmx,-0.04568687410389159,0.056155583120824436,0.05341452246639403,0.06965026198066328,0.06718308088842205,0.030365780102107113,-0.06357506087392502,0.06020276957782384,0.06193074718543322,-0.06675780098015881,0.06812110316336832,-0.05441802183421238
lbe,0.03471206335980491,0.08977287772835499,0.09572362859033685,0.08980399419593199,0.09320532757301035,0.06863299781635908,-0.09135984437295379,0.09003109008283368,0.0768296187926935,-0.08561970588868315,0.08668498216062714,-0.09338917953589257
Awh,-0.022169694136796272,0.03305192892377297,0.0432579165261838,0.037791324270140994,0.03967824658996147,0.026336450979294553,-0.03817884868843223,0.03721511037490672,0.035690979970270625,-0.04374556622512853,0.03917298851955869,-0.037586011083484076
Clamp,0.09920485651823939,0.15526209327992258,0.15452540559440076,0.1302258035212638,0.12504003120557872,0.1009482826238762,-0.12514963879980132,0.12027937113572475,0.11893055484426514,-0.1355338656773335,0.1138661058729012,-0.14638847389778495
Eip74EF,-0.08221241121706353,0.08069495253680091,0.10964826108974335,0.0909806198670927,0.10577154456531372,0.10824153577462152,-0.10333224682836052,0.09534621437095024,0.10273773128050553,-0.12220341107401994,0.10637521551890478,-0.10299253863033019
ems,0.005042219920501835,0.005509388021400071,0.006720065588633062,0.0060801872262520006,0.005352113896359272,0.0047696502431924725,-0.005815777749662527,0.005603926521632761,0.0041774729562419404,-0.005043652661650653,0.005793167467043878,-0.005731615152546457
Scr,-0.00766663119762958,0.019701504100956488,0.008600933981112144,0.023318102050619363,0.01921477746672689,0.014075284172426983,-0.018375870309815825,0.020356671622662047,0.027426425871021762,-0.022355154012431263,0.020939483843090648,-0.01864346308724626
prd,0.018766539970940268,0.07507754543447923,0.062402557398960716,0.08123729521546774,0.06843311539401506,0.06538928984987276,-0.07294505621070406,0.08087801859443736,0.03862071812713724,-0.0703838282047184,0.07905783179627808,-0.07383779479712407
ro,-0.0011787766510914651,0.0012274900205898984,0.0025067779568935245,0.0023909537294691968,0.0023811723074997635,0.0031950752916140566,-0.0026144130810598827,0.00217685120181483,0.0035876882085519924,-0.0028477950122115106,0.0028703508023170086,-0.0025331746495717636
dve,1.8472028406206969e-06,-3.4052068408701895e-07,1.0160720267205727e-06,-4.815372593348968e-07,-2.649828420042884e-07,8.66588975779265e-06,-2.376562668337929e-07,-4.701242451944316e-07,2.3624626616512233e-06,-9.893137138681208e-07,1.2020587218010814e-06,1.8844679186954944e-07
Deaf1,-2.8629899665788773e-05,6.170424786074498e-06,2.2248739650138556e-05,-2.5321528415097474e-11,2.470455994207491e-08,0.0,-7.10538666167443e-08,5.884644383138952e-06,-4.489653887350929e-10,-1.2514127353188695e-05,0.0,-5.498793414700819e-06
NK7.1,-0.013635612959763194,0.038610799134446705,0.027308450112994143,0.05107102154221372,0.04447112181915406,0.037298299435451036,-0.04225404616515385,0.04316105230092764,0.04559950279069873,-0.050841432072465546,0.04802636859412057,-0.041977570643138284
hbn,0.030633174893374294,0.11903649896859413,0.13214613026468397,0.08092181178401722,0.11280866258497178,0.08373659607439139,-0.12282273581136355,0.1317310878118092,0.10536289197949443,-0.11065453222992504,0.11899884057821607,-0.13159111072340302
Rx,0.028747900884060356,0.06625108903642618,0.05746692330564391,0.07750651459718634,0.06486004032104618,0.04391391979956759,-0.06491301576172324,0.07621171668842754,0.0625224869271923,-0.07699448842003051,0.06939336011993955,-0.062247613054549435
Antp,0.016760446792442475,0.05155719009505271,0.05561827230614479,0.0584756998462435,0.05568701232198992,0.053593226062507084,-0.056543093388257686,0.05576347606420549,0.052979103331171645,-0.05976207371180327,0.056322271032616104,-0.056846532908828934
Elba2,-0.07616317500763045,0.03677320485328267,0.017244539143477403,0.06328492138336977,0.05285971728887901,0.026597251638598253,-0.054741565458770854,0.053823451565179,0.07606600218766552,-0.05760506212923681,0.06191128640692767,-0.04357859145802211
kni,0.0003612923038101454,0.07580251030210282,0.0606385933327096,0.08223941293747955,0.08151323510839399,0.10672160849173297,-0.08338856358678927,0.07287243883426019,0.08846726857013139,-0.0768732519910061,0.09492865515929502,-0.0734546378251016
achi,-0.16156396173948062,0.06679732735639955,0.096774602846,0.13757272696136508,0.1175201372903191,0.08555282567775103,-0.10260538087902794,0.11167800248397486,0.13233638552013877,-0.1253327286722282,0.13169369571026757,-0.07403756286372486
dl,0.020718368799821352,0.07072396173211365,0.059901921087719225,0.057020785168979626,0.056835641215082534,0.08530633546684585,-0.059334703979185104,0.06942326534749013,0.031250659800778124,-0.05208913159974862,0.06383775546632069,-0.060587375108360486
CG32532,-0.050758362293078126,0.04850459416209005,0.0979901764188191,0.11213376626910532,0.12196324929310232,0.037477518395502146,-0.10853467958508796,0.09957445157413501,0.17426812371878445,-0.12515757791950474,0.11865710963001794,-0.08885528660237572
tin,-0.008542085258867516,0.027323780144281305,0.023600362424184913,0.03060290145423021,0.028489917582916465,0.024773127851264915,-0.026221753590749994,0.025922519426830493,0.019852803268307375,-0.03237528943268982,0.032786330189600116,-0.025847134497985348
