,Female_RP0446,Female_RP0457,Female_RP0609,Female_RP0897,Female_RP0231,Female_RP0883
Tbp,0.47866692159893987,0.4249233716518465,0.4481709720560275,-0.4657079826759044,-0.45513145199393007,-0.3877359041206109
NK7.1,0.3764730745206982,0.4438227387425509,0.3775381508604339,-0.342786897770145,-0.46054776380075385,-0.3448709201135587
z,0.4234631868387694,0.4913962355221609,0.40731173078986943,-0.4042577353971972,-0.43552728896460213,-0.38312786697915935
cad,0.38435967715777414,0.47715026025835955,0.41918217417825215,-0.3439943449105923,-0.3723526841749889,-0.40607999657531646
Lim3,0.5891211331715376,0.5410097809743669,0.5830476083209577,-0.40113675654148484,-0.3682438611816322,-0.5122499772883194
ct,0.5697699519926389,0.5583787826926114,0.6258056420111149,-0.39287911157808647,-0.4553764950720714,-0.4943076972423572
CG18599,0.5068159232519931,0.5617884223138437,0.36831631111278973,-0.6088663297002961,-0.5792667753874595,-0.5014887374119079
otp,0.6646743464373704,0.5856647538075784,0.556575557815843,-0.5065423226025166,-0.5703471484129775,-0.5708041098837268
H,0.525387152616155,0.5637246555669635,0.45021471104938127,-0.4295020558725789,-0.6167976368120435,-0.5767406871475171
Awh,0.5610138472023276,0.6649141777581259,0.48205656951976106,-0.4173317941154345,-0.606178268139712,-0.5725009475748722
Cf2,0.7286554445993704,0.7744737689920859,0.6462578021467721,-0.7069791865367384,-0.6709373482660954,-0.6021032900931433
ap,0.7775352216931269,0.8696855043575825,0.6401538385618645,-0.5301993258714954,-0.777315363438673,-0.7974458560847553
exex,0.7448798397668809,0.7638152477566544,0.5758491408643522,-0.6437281921168987,-0.7595226645420802,-0.8078625514162364
inv,0.7719468447681034,0.7786791243452792,0.6394465250412422,-0.7375289726590025,-0.7911431781346764,-0.7159805504658479
schlank,0.8643059336164286,0.6298176756210913,0.5413432844264433,-0.7734534347129746,-0.5677404248222072,-0.524492501909436
Abd-B,0.7145165219288311,0.6612360100049706,0.4656524124575391,-0.8367071279215391,-0.6633028633491206,-0.5162760964390439
pho,0.6286965666250243,0.625437908302397,0.42116736819517236,-0.699078404630719,-0.6472776611533251,-0.5650729462424006
lab,0.9538886676239701,1.1163219090134666,0.9615693429057486,-0.7645851381139629,-1.0070334653345727,-1.0155490512797647
dmrt99B,1.1526806177566047,1.2624686706822246,1.0869184293237468,-0.8627389110057856,-1.1576212453366759,-1.1597875252177592
bsh,1.0967768937765063,1.25174054570734,1.128781832023774,-0.8519444086867317,-1.147040432092875,-1.1840670841065657
Pdp1,1.165149559115342,1.274902986848647,1.1311569946384583,-0.9125041132371652,-1.2041938630082438,-1.2019097977924265
D,1.1862987808423864,1.31542910980487,1.1839472485437865,-0.9064025052955669,-1.2163173045927418,-1.2360956646243246
ro,1.284840940751525,1.4240613815362724,1.2634743710964917,-0.971393381330185,-1.3616643547332814,-1.3201225521537874
fkh,1.3324057349344907,1.4779263736864348,1.298498098150269,-0.991577668388011,-1.391193402891201,-1.3760658552086098
CG34031,1.2900605330525918,1.4872806032771722,1.2531361079048764,-1.016013963848304,-1.3863296195519639,-1.3616528220571746
PHDP,1.2852428270902654,1.4233595609494711,1.1804009322488478,-0.9558452079117082,-1.3033225435451443,-1.3063349102492003
ems,1.2207596105325704,1.3689694745801029,1.2188626329109886,-0.9300530513521881,-1.2734611878729625,-1.2692089828301076
GATAd,-5.0596180987657675,-3.734578634410303,-3.289794132223732,4.723356646643199,3.832517908382021,3.591410596955657
onecut,-1.4047034722998546,-1.0932679969466503,-1.095848624004556,1.0352169715145458,1.093405384184614,0.9325853524563122
brk,-2.3759625967786366,-1.8387288005462739,-2.7639775529931416,2.5841209625961024,1.769897693312836,1.9889935191462473
Mad,-2.6910436907685975,-2.1072021098431963,-2.8067572160957197,1.855571138755717,1.3979110077718597,0.9660640448511317
