,Female_RP0457,Female_RP0609,Female_RP0446,Female_RP0897,Female_RP0231,Female_RP0883
GATAd,-3.8873728547302058,-4.429195489720287,-4.774454921173325,4.6869842256343475,3.0396125587556093,3.5091611217253105
unpg,-0.7268602490940635,-1.0998044831552691,-0.8412496414151533,0.9464911226780159,0.6285478754214558,0.5693243746989621
onecut,-1.124530965867179,-1.1450257120909235,-1.4308774241111462,1.0955838699808509,0.7506142591494489,1.1201232593026835
ct,0.5465359793573742,0.6665388168273386,0.5361069576602957,-0.4868858741724793,-0.3440895582685561,-0.5067005694468092
z,0.4736612561268462,0.4037060100862233,0.40604079179162794,-0.433187851848415,-0.5308960520327806,-0.40019319126319436
exd,0.4524016896449937,0.44257428843869595,0.3777661750402828,-0.34441033608316707,-0.4802015389386431,-0.46026750487953777
Tbp,0.4301352464068759,0.460992083699458,0.47437995269182864,-0.479241555154148,-0.3854885384331175,-0.4436624274036978
Vsx2,0.5394219080823047,0.322616973313394,0.5008612770380066,-0.46320948950296187,-0.3110971851097506,-0.4798842775991183
NK7.1,0.4632655688879647,0.3389521828984925,0.4012482944391093,-0.4241830461919338,-0.351089340875812,-0.4370100955842531
tin,0.915587551871985,0.7796343897556803,0.7501005762234171,-0.6697754672258593,-0.8465884959375449,-0.8673077991406769
ap,0.8734779951744097,0.6476029106894732,0.7958342198234771,-0.6960845669233056,-0.7002286054635581,-0.8610877984406933
exex,0.7548027862836435,0.5952506418944814,0.7566516125461864,-0.7381609776204268,-0.7678743730046065,-0.8248218496181468
inv,0.785258191599503,0.6610702272365591,0.7722080724366176,-0.8043838047416575,-0.7419443483009964,-0.7864451045663075
Cf2,0.7516241445230075,0.6811934401062231,0.7270751526941437,-0.7576846554988409,-0.5843387495033243,-0.694614685637547
HGTX,0.854205126449791,0.7699112084708465,0.730479095646882,-0.6461377745668171,-0.6629233444577369,-0.7833642013308425
Abd-B,0.671277279657391,0.4909493961345128,0.7321359852389808,-0.8364400806236395,-0.5291976318746218,-0.669650125017401
CG18599,0.5633059795732466,0.39304720193042214,0.5384138394520033,-0.6186554421030386,-0.49211260934293954,-0.5537465523380484
pho,0.6125838083559778,0.45541623685382243,0.6368386546307286,-0.6837698486088077,-0.7064972105554501,-0.6103197234811292
H,0.5655670225483725,0.45791426023596504,0.5388630439396951,-0.5142041115932002,-0.5983503309110058,-0.6150947193794613
Awh,0.657915684378219,0.4968645569026657,0.5666248587763394,-0.5152608360993394,-0.6518515988881993,-0.6208667872942835
otp,0.595612859137177,0.6120627879042558,0.6721949942759591,-0.5912110517232965,-0.5752082938812322,-0.6283822142327162
CG4328,0.6613451443743255,0.6437825192457393,0.5586925140990722,-0.5801950131304972,-0.6640702846721773,-0.6657323424236595
CG34031,1.4592627223196346,1.237615748074417,1.2950811733368381,-1.2462868356282726,-1.3590574891019842,-1.4292417931902346
fkh,1.4646998216135074,1.2896314326310228,1.3297235542553587,-1.2336930582676997,-1.3692538824388294,-1.4386022356056367
hth,1.4723982351342177,1.3029299035280255,1.32361273660985,-1.2318973237546242,-1.3882693113572142,-1.4556305557911104
Ptx1,1.4670372144334225,1.3098180362853118,1.3290401120404987,-1.2364442920071395,-1.399931108313545,-1.4435584966810886
dve,1.4661694495538757,1.3132476692194364,1.3295347928622652,-1.237697536896902,-1.4040383074000662,-1.4414389005185502
Deaf1,1.4661706535412826,1.3133395996357287,1.3295833481313275,-1.237647062961548,-1.4039750596518565,-1.4414274920477639
PHDP,1.408491192837792,1.1891160399640515,1.2804245283981162,-1.192040350705655,-1.2395198762599058,-1.3836739831675926
B-H2,1.4232943731246472,1.2178512453408816,1.277600713351366,-1.1765688374418175,-1.3061827030398514,-1.4112372463481733
gcm,1.4206471528921147,1.2558495625827137,1.2999671523329843,-1.1937364775168104,-1.3205453209248532,-1.396175774363018
ro,1.4142610167550687,1.2552991280531156,1.284293031017185,-1.1996680715713963,-1.3558125729110058,-1.3798505167448474
dmrt99B,1.2446664408035037,1.092229560859976,1.1520639940641046,-1.0712234319500205,-1.098450917294105,-1.2374016332543716
bsh,1.2298305810019203,1.131340687818152,1.085053578794786,-1.0471792564386542,-1.1281359312615875,-1.222134499982587
Su(H),1.2240722615763622,1.1390434388787314,1.126123859363917,-1.0805849407583161,-1.1525308361243365,-1.2351919176804227
ftz,1.316451203820362,1.1894867140729624,1.1897146790682533,-1.1035857563951128,-1.188692496199959,-1.3056813850988633
D,1.2992641156484992,1.1696041551104401,1.1866874385990593,-1.1138400953018377,-1.1682121274390107,-1.290087845970811
Pdp1,1.2675238231814723,1.123145876142322,1.1598537793494972,-1.1059957194044343,-1.1537416346537668,-1.2525524693738368
M1BP,1.2761251889711664,1.1630423090789554,1.1563778615131397,-1.093647505543604,-1.211892866215508,-1.2413147486915044
opa,1.4119386169586343,1.1139654371521674,1.2223338656111469,-1.1047706610130796,-1.1724914530952235,-1.4293869514776185
hb,1.350345293458273,1.2351261743246966,1.2196504700997577,-1.138436827857183,-1.227811864876804,-1.3454957999681507
odd,1.36773353102784,1.2132400439543967,1.2433150723115065,-1.147538942129906,-1.207594155027269,-1.3681050299951982
Six4,1.3275202061055835,1.2381966096325232,1.1933482698222002,-1.1197974828515624,-1.262872575939937,-1.3076238118229913
ems,1.3559146125534243,1.2018269787554134,1.222937300785214,-1.1454440147334184,-1.2574134763722173,-1.3213881731300416
Scr,0.9076941061283448,0.9307611851504703,0.9041545265919976,-0.8777190350616704,-0.8315499467345412,-1.0025730581034857
vnd,1.2046506042654896,1.0517283294962994,1.0727328856612117,-0.9610139524848647,-1.0139041203212853,-1.1998868544873298
lab,1.0981461998226876,0.9540084204987747,0.9578755912369183,-0.9236962867424339,-1.02424824002307,-1.0589687416090943
