,Female_RP0609,Female_RP0457,Female_RP0446,Female_RP0897,Female_RP0231,Female_RP0883
eve,-3.29371519593554,-3.288789592205774,-3.7045613371990767,4.345534892669223,3.453237530089066,3.8920435229863073
GATAd,-2.9617329632354745,-4.365740229025308,-4.156401729479993,5.0463479664806385,4.105171688323266,3.486615830065351
Ptx1,1.4250712256456706,1.3399542652674177,1.3255635522126878,-1.185340159507118,-1.378554291810962,-1.3787500116077043
dve,1.4225105348130813,1.3447906836699166,1.3269892510533463,-1.1862788066961811,-1.379690364442028,-1.378360654745883
Deaf1,1.4225660865227405,1.3442348629708216,1.3269419201971924,-1.1860969007522106,-1.379656188301484,-1.3783656162682334
hth,1.4332882374000016,1.3204587929868843,1.3191253795574014,-1.183631201071557,-1.3754137440765917,-1.3776352098370213
fkh,1.429750173422041,1.3328264769514413,1.3233593776708985,-1.178701509167811,-1.3753578200287115,-1.3802233987223627
CG34031,1.4442571963037314,1.2585616866521576,1.3206149640556417,-1.10992668422466,-1.3688281322103504,-1.3619696132810053
ro,1.3634929132059135,1.2992619970427755,1.2803295993690966,-1.1511732521975557,-1.3303946969705522,-1.327832861847109
B-H2,1.4004742996617099,1.2539358245083718,1.2633740292448015,-1.144384399369561,-1.3169876324233174,-1.335678206228161
gcm,1.400245555908025,1.2726376453553634,1.2811061367602639,-1.1255705903892879,-1.3395177054618959,-1.3502839131324438
PHDP,1.4060104283144732,1.2608372974172228,1.2791383121501465,-1.137718739238064,-1.3277585969264598,-1.3477119640280146
vnd,1.199310876941191,1.092915883080802,1.039413656602768,-0.9122131977089467,-1.1083259117237745,-1.1416359537672944
bsh,1.2259623459213724,1.0958103138957895,1.0936908818116713,-0.956454993431164,-1.1371900971998217,-1.1667893767498803
odd,1.3698269943858772,1.2579938667219723,1.2301177406271737,-1.0783304582998074,-1.3000544977256046,-1.309259825155882
hb,1.3458467855277951,1.238384939053717,1.2108470023300917,-1.0773201424569951,-1.272630313215779,-1.2857911317815758
ems,1.3169233595453111,1.2548389991956859,1.215403854902286,-1.087869179873913,-1.258716069487239,-1.2685669184106407
opa,1.3889975552354237,1.093637025847761,1.1922134589225486,-1.0402506827053097,-1.237214611711857,-1.2856256739694196
ftz,1.3254640938239568,1.1692339763576378,1.1860041518455242,-1.0019102305005152,-1.2343492258055222,-1.2501039853973486
Six4,1.2777980344699171,1.207695366743028,1.177134694816944,-1.0730952423209843,-1.2278828729959224,-1.2311304964997345
D,1.2782892733437998,1.1853002357681803,1.1812767033788925,-1.0532258196297084,-1.2266805651525634,-1.2343744759841468
Pdp1,1.2819145584800817,1.1542250015677733,1.1757395859962008,-1.0514830189221398,-1.2079619146267107,-1.2110752296627403
M1BP,1.2355431053549188,1.1716463933748782,1.170030547527532,-1.0448860176545332,-1.2181301297394436,-1.2132426343247504
dmrt99B,1.2839291083165532,1.0981403130454268,1.1465592044666497,-1.0019698859351427,-1.1788812101712105,-1.219863904255179
Su(H),1.197616557463707,1.1086786331228553,1.1443258641542629,-1.046072721761874,-1.161772907121164,-1.1727661262914375
CG18599,0.566707498990392,0.553272758494989,0.5776836063347456,-0.5651353165041771,-0.5866381207619915,-0.6173208684511404
Awh,0.48712637055282276,0.5629618085450533,0.5583487094596942,-0.5665429119321118,-0.6372155310072639,-0.5367544239543813
HHEX,0.6677346674830458,0.5700736600431587,0.7000016287452704,-0.5668331812180505,-0.6643143888791937,-0.7022549826870914
pho,0.6364669845918015,0.5748754533252713,0.6480116428565247,-0.7038417631971834,-0.6132468126516533,-0.6122414292383711
CG11617,0.40626542613935807,0.40626284359081116,0.32533214688533063,-0.422727361421273,-0.3490549250951764,-0.37130123191643893
Lim3,0.6027575789141901,0.41665605226268543,0.508856107244749,-0.40501294765346596,-0.5113590519725163,-0.5227728425934953
Vsx2,0.5049436458393597,0.6005062015310051,0.4566503230134215,-0.3692805580861959,-0.43105060745236945,-0.45749422900165126
ct,0.48509183653205457,0.5736335423934172,0.5310223023277617,-0.3831638047996412,-0.5241235043909582,-0.5130156189638665
z,0.4047734553810765,0.47996418808150776,0.39328699530520506,-0.49366168034518254,-0.4434094519999002,-0.41353452279344083
Tbp,0.461157431724744,0.45396252930638653,0.5021566890059453,-0.5048732320329393,-0.49325053593491247,-0.49910482456892685
lab,1.037146619227929,0.9890502285631059,0.9480722737505721,-0.9268974708705993,-0.9650701228412779,-1.0135610759562592
Scr,1.044619934477951,0.8568008848952662,0.9397481268378706,-0.7728044523126016,-0.9620527171041845,-1.0228720812980499
lms,0.7333438566255908,0.8200093665595566,0.7056792429952934,-0.5864882908492751,-0.7464538560088194,-0.7329769159365161
HGTX,0.7972269258881997,0.8659185014877773,0.7232286596142902,-0.5648671374066165,-0.7762367458314265,-0.7852305713232919
Abd-B,0.7491239952438916,0.6649473650629981,0.8130143733799308,-0.7326929845877107,-0.788877129252799,-0.7815205013671583
inv,0.8054577583188062,0.7943355517898212,0.786207772769233,-0.7815677099933865,-0.81796328804039,-0.8194958334963318
exex,0.8008028264836076,0.7254259712723541,0.7487702806745746,-0.7114795362681514,-0.7757371188140368,-0.7874109796513341
Cf2,0.7676526862628582,0.7973065680770612,0.7588012788622343,-0.7376983626273399,-0.7629534912197812,-0.7695857158711866
brk,-1.8285720634254121,-1.936882177886214,-2.5550363224163366,1.679084035708221,2.4150189938678586,2.0884989615979275
sna,-1.6984063805185357,-1.9891729493337926,-2.3096924091664075,2.65882261128968,2.432320529024288,2.030976271015108
Hsf,-0.4990561032783792,-0.5050022936618974,-0.44616615690605116,0.509237944165243,0.5081876821217995,0.44442448773978466
lbe,-0.5830382270761333,-0.36303287832514175,-0.49697955595262033,0.6561811691194384,0.47300755008110407,0.5335891472038713
grh,-1.2253470091505776,-0.9760655727033088,-0.9474526436294123,0.8865051501694023,0.8025361270989478,0.9709490749002687
Clamp,-0.8834914905370571,-1.148425332901659,-1.176782023958404,1.0320882225239738,1.2901774316220527,0.9642433118216798
