TF,Male_RP0897,Male_RP0231,Male_RP0883,Male_RP0457,Male_RP0609,Male_RP0446,adj_Male_High_Mid_p_val,adj_Female_High_Mid_p_val,adj_avg_High_Mid_p_val
kn,-0.7023310838199047,-0.52039558569154,-0.6272854649510816,0.3913876421924124,0.6439879030131982,0.510247139934509,0.05582780434556528,1.0,1.0
twi,1.8978677253846155,1.7123377927595,1.1936609207714588,-1.7375934466303782,-1.5068677156827763,-1.7525822194675384,0.22587097464051528,1.0,1.0
sv,-0.28143802516381033,-0.25133015848418766,-0.17853801996222587,0.1539002741578725,0.2882166468378278,0.29948973366855774,0.26395592131805923,1.0,1.0
CG11617,-0.37297090212338596,-0.30371313946850875,-0.1396192733491865,0.3435975628025002,0.46155165442280666,0.3187673213670222,0.3829208866086493,1.0,1.0
usp,-0.5020144879095775,-0.47037365702928285,-0.34718941917394863,0.2538671340066847,0.5419560741209785,0.4826146543142279,0.41855271922350074,1.0,1.0
Trl,-0.21085842322256362,-0.18546886046383965,-0.043026594666809935,0.22721511950028467,0.3995286414420048,0.2629245545665958,0.5575829287452856,1.0,1.0
BEAF-32,0.6613338378479932,0.44028378472890706,0.2810595813638979,-0.3852524446996658,-0.8469336152033154,-0.5309002593896794,0.6378959203316535,1.0,1.0
CG11294,0.4400093399095145,0.21536481534337804,0.3011050443684726,-0.15081940461510066,-0.41865325503485296,-0.24714335645027358,0.6906167370523125,1.0,1.0
kni,0.32657830563193063,0.32096619593151215,0.11287592972632664,-0.34343499510130265,-0.6268180509955683,-0.34263347274001654,0.7667601753542006,1.0,1.0
Antp,-0.20525954586242592,-0.21083525870327063,-0.05616896597807666,0.15079243790460203,0.3328488843849383,0.23726032798164337,0.7862273407847289,1.0,1.0
tup,0.425101666404041,0.3180824080269591,0.25479751549168816,-0.1822113658112339,-0.4817212712593646,-0.34586173193820247,0.7915892793054029,1.0,1.0
Pph13,-0.06060011494861131,-0.02009094075596624,0.003818740190538747,-0.043455069562996,0.13225045646483682,0.09230652687211927,1.0,1.0,1.0
OdsH,0.7551351590565745,0.8355967795774536,-0.533949784050105,-0.8283047698997085,-1.0123589379177496,-0.8694623295796826,1.0,1.0,1.0
pan,1.2096915447562933,0.0464009631830604,4.338800101814952,1.0196713107750421,-1.917253217395318,-0.09110642515005136,1.0,1.0,1.0
CG11085,-0.054911155542791364,-0.12269103119756708,0.5388364919371915,0.3621249185692469,0.00408261991196577,0.0997803776656042,1.0,1.0,1.0
brk,1.7107583621481883,2.435322375505682,-1.2043463021325183,-2.7148860117140456,-1.966293991314409,-2.244735944932345,1.0,1.0,1.0
slbo,0.16807972395204238,0.28353217864553537,-0.8523704320563399,-0.6610544119633708,-0.059127853525316715,-0.3883774704445833,1.0,1.0,1.0
H,-0.5217286877240848,-0.5441161668018195,0.12573056236559732,0.6642664483479374,0.4272431805256599,0.5620016362305134,1.0,1.0,1.0
Lmx1a,0.10274015526462946,-0.10343662555321825,0.6472192951420401,0.2585924926270107,-0.25766439974097205,0.10598915932839927,1.0,1.0,1.0
zld,0.4976256541604334,0.3623895901888411,-0.13417640489662558,-0.6040664824741667,-0.41949180158764576,-0.37175390141390013,1.0,1.0,1.0
B-H2,-1.3450617356682457,-1.2365561989172178,-0.18302326222866422,1.036100294768993,1.4103108877586974,1.2209780495677318,1.0,1.0,1.0
HHEX,-0.6270627445624707,-0.6395535520241842,0.4380708057687966,0.8115257563350576,0.5647038705088805,0.7024958072518732,1.0,1.0,1.0
ara,-0.2307815499453893,-0.10928684105125942,-0.11326194548274338,0.04917059250770887,0.12924708139727784,0.11879419750636869,1.0,1.0,1.0
Stat92E,0.1785275985427008,0.1097194715276881,-0.09458981577256968,-0.5261274107950968,-0.050965605696132225,-0.19440750500326093,1.0,1.0,1.0
schlank,-0.6633595353849265,-0.7793473629944329,0.5447699407205654,0.7084508462848473,0.7121294469054803,0.719803267637898,1.0,1.0,1.0
grh,1.1491267278781534,0.7344762764372761,0.20516477169571984,-1.0982743519013172,-0.7687814612589933,-1.0718768234912026,1.0,1.0,1.0
caup,2.271014853439764,2.9116246357430846,-3.7977389673999076,-3.0711078093907664,-2.4429046720180687,-3.1422149259489482,1.0,1.0,1.0
opa,-1.2414927699596332,-1.1722743285105262,-0.30073737905740267,0.9198397056685439,1.4544491704429843,1.121188241940566,1.0,1.0,1.0
pho,-0.6206491461308477,-0.6031374080222853,0.2703387575193798,0.6249456795763266,0.5486699549045884,0.6320446871026907,1.0,1.0,1.0
nub,0.7507899590064956,0.6503554396988924,0.06977823598062344,-0.6677524873548573,-0.6805483837965551,-0.6397400328772042,1.0,1.0,1.0
eve,3.020025303201789,3.9090574825863387,-3.8101384415759276,-4.91022405026742,-1.8565249975834563,-3.7985742953306616,1.0,1.0,1.0
unpg,0.8687622344257353,0.8997599633945809,-0.7976425235168229,-0.9885457743817189,-0.6810636831808569,-0.9801866655170934,1.0,1.0,1.0
Kr,0.23682922330133765,0.5437782054048951,-1.020759559777302,-0.5782346838016109,-0.2086431248892945,-0.4244601914561833,1.0,1.0,1.0
dmrt99B,-1.201666783438442,-1.1075603383765036,-0.08157188289658919,0.9809500824021716,1.2245904598388628,1.1106892215256774,1.0,1.0,1.0
CG18599,-0.5580088467185651,-0.5625672398958453,0.38728134182996954,0.6866642857604253,0.5747601121234451,0.5888089385314768,1.0,1.0,1.0
vis,0.9192186485381487,1.0142803480165263,-0.4466053941454863,-1.6716297620638645,-0.8682606477066244,-1.1104971454804426,1.0,1.0,1.0
sd,0.6073183682953812,0.8582794420128201,-1.342910477360341,-1.3742038376466448,-0.5971131338247709,-1.1263057720631313,1.0,1.0,1.0
vnd,-1.115648339503067,-1.0100964658561553,-0.2727275556652569,0.8341583122903283,1.1932693987420082,1.0078767961980246,1.0,1.0,1.0
Lim3,-0.5103055960287488,-0.4989846544054756,0.030981128528081617,0.5126826128706224,0.5526962753570612,0.4832162996416515,1.0,1.0,1.0
Vsx2,-0.5122730921142062,-0.44578636130438776,0.0537243063110947,0.3183963101009259,0.43421585926882855,0.4183812834714101,1.0,1.0,1.0
z,-0.3792451524801692,-0.3640739844150553,-0.03458159959622493,0.369218649588945,0.41697664371072174,0.3926585968161284,1.0,1.0,1.0
CTCF,0.4758839426478173,0.6472677827233901,-0.8388531867703418,-0.791197552897383,-0.3241326836286704,-0.6128467333158971,1.0,1.0,1.0
E5,-0.01876651218972663,-0.0743288256763572,0.04350319294660121,0.21120451669619023,-0.028765138291006118,0.07874526294765398,1.0,1.0,1.0
Gsc,0.1576360856305712,-0.23284630511128135,1.4372070274192046,0.4719651479571988,-0.22802289984240978,0.19211072092591344,1.0,1.0,1.0
Lim1,1.8570732025995167,2.3440678667576917,-2.4114883587072042,-2.2487974680865146,-2.1872439995992146,-2.560347006233548,1.0,1.0,1.0
Ets21C,1.148286896816867,0.7811934302765117,1.050490653397382,-0.2713369152845874,-1.4385207999546363,-0.7966280370225703,1.0,1.0,1.0
hkb,-0.11845769553601762,-0.152396075000041,0.5582996756633362,0.38304894314950577,-0.15269948640220113,0.1882142597663865,1.0,1.0,1.0
slp1,0.9578733071629527,0.5148978358217733,1.2146454626252792,-0.40839093090398526,-0.6861454125542339,-0.5767101357098134,1.0,1.0,1.0
cad,-0.4637730098303141,-0.4494925253441587,0.041156405930366444,0.4425767311527876,0.41381639223677175,0.463346815712441,1.0,1.0,1.0
gcm2,1.2798419691540832,0.07905644387554046,3.365836266681072,0.9374403873059272,-1.6214936650944758,0.036290111407094115,1.0,1.0,1.0
btd,0.22228634175727516,0.003900102088035761,-0.022836062916733117,-0.15342719996947782,-0.31711397297028115,-0.0945685568516386,1.0,1.0,1.0
otp,-0.5876775339268059,-0.580182202350198,0.1779007320799342,0.570179840969905,0.5682602310222075,0.5837790314306419,1.0,1.0,1.0
CG9876,-0.027412239066898166,0.2749150659380703,-0.9124995330416592,-0.22901354768140694,0.004748576763498153,-0.2761419284135932,1.0,1.0,1.0
Vsx1,1.2239350878710145,1.1362313783251754,0.029574574103520684,-1.8104893612387467,-0.7778083861069223,-1.0986483992784497,1.0,1.0,1.0
slou,-0.035308790327966466,-0.04995779543397633,-0.025076030120301834,-0.08290936657414022,0.12346689476666523,0.03664927571805071,1.0,1.0,1.0
exex,-0.7759020455794796,-0.7036772206266989,0.007739959040723189,0.7206808151141878,0.7436392838750512,0.7076689217609845,1.0,1.0,1.0
bap,0.37116709032878936,0.0145526365213231,1.5186800041266342,0.3165973189394324,-0.600339627071081,-0.020886026148835297,1.0,1.0,1.0
hb,-1.304920307433146,-1.1811930227574055,-0.1465345764752022,0.9927966039954955,1.3663950112744,1.185786950780832,1.0,1.0,1.0
Ptx1,-1.417267838011451,-1.2924468544605805,-0.16622496132292716,1.0798770441217793,1.4514498881110542,1.2922777592902859,1.0,1.0,1.0
gcm,-1.3685549923905742,-1.2454500543132185,-0.16809770636157848,1.0548132241137562,1.4101830794794725,1.2552269701270422,1.0,1.0,1.0
pb,-0.32313642450991664,-0.21286698305091495,-0.0022272747560349256,0.12364520562849597,0.24526085580115786,0.19732376399874849,1.0,1.0,1.0
su(Hw),-0.16463523110387698,-0.28770139997516414,0.7403258182075829,0.23170715599761876,0.050011482669614075,0.242972230601923,1.0,1.0,1.0
unc-4,0.3605674437689465,0.11163519387841968,1.392527157091205,0.361750797208027,-1.0037813497764767,-0.18808978135289411,1.0,1.0,1.0
Dr,-0.16121540432696363,0.19586582346731987,-0.42211196156391195,-0.43954399673461425,-0.11370627900855525,-0.11651609037127594,1.0,1.0,1.0
fkh,-1.4159117819591678,-1.2876778076929978,-0.17293440494967183,1.0853116796826183,1.4511397333694886,1.2902617050425704,1.0,1.0,1.0
hth,-1.4061814107414328,-1.2870864414414656,-0.17644885381883268,1.0637773062962292,1.467792665962053,1.282157265391919,1.0,1.0,1.0
exd,-0.39550576970532597,-0.4089521516253009,-0.09761674266336612,0.3162720116661959,0.44306000838327664,0.40173657796238244,1.0,1.0,1.0
mirr,-0.0048038103581196645,-0.10113505364532198,0.20600143171095198,0.2062162989486626,-0.015807396687080245,0.05058715252622983,1.0,1.0,1.0
Hnf4,-0.025524986988996457,0.14858976559907794,-0.2767535677422005,0.14714812272175573,0.21744360331219104,-0.034007144809829304,1.0,1.0,1.0
GATAd,4.68414873445412,4.267089417992087,-1.9189676841105363,-3.2416216404488,-4.371572707133969,-4.491244992306575,1.0,1.0,1.0
dsx,0.1114810245648884,-0.10127781019418133,1.134458922889054,0.2129958727741102,-0.4058550412411821,0.13337723396988788,1.0,1.0,1.0
lab,-1.0134354566912083,-0.9163122188530497,-0.10321397634472634,0.823947338778429,1.0750433857101886,0.9075889345141922,1.0,1.0,1.0
Dref,0.9385572334726879,1.4002219831651896,-1.3888665964949982,-2.561577614949328,-0.24008220451030732,-1.1015885292408847,1.0,1.0,1.0
Cf2,-0.6961124542071447,-0.7030062013450654,0.27118192183801804,0.8199385822263053,0.7180123294747227,0.7432631555513386,1.0,1.0,1.0
B-H1,0.04000285907085012,0.06891821001483282,-0.29291164217522564,-0.04434743505284674,-0.011555650126053621,-0.019425308735212,1.0,1.0,1.0
Bgb,-0.19742352892745182,-0.2573131833245836,0.17309592659790898,0.3331247031412898,0.35123835088859223,0.32126408429841097,1.0,1.0,1.0
cnc,0.20259799161782305,0.046431912200339286,0.2140727888932906,0.12960169528141618,-0.34994280508503545,-0.08062966748865864,1.0,1.0,1.0
odd,-1.3225043625948596,-1.2072217850165021,-0.18353866070504377,1.0291940507694268,1.3800277663060203,1.2097292441054825,1.0,1.0,1.0
PHDP,-1.3633782751676469,-1.2390775142879085,-0.13799033587247053,1.0590339252696204,1.4136770413603186,1.2444473315261788,1.0,1.0,1.0
oc,0.3345713491371224,0.10243542574232624,1.498963683800087,0.43591533048940556,-0.8698455641429572,-0.2173342410109597,1.0,1.0,1.0
so,0.21424136689030918,0.13752431844420093,-0.09318152795015922,-0.2798118262092527,-0.10088140303200001,-0.1620396930035201,1.0,1.0,1.0
lbl,-0.04820081788416314,0.049841134614449084,-0.5601973758170369,-0.7567419353709296,0.16680818882257242,-0.048296621924114116,1.0,1.0,1.0
onecut,1.1099673292122705,1.2610720065585486,-0.931137971415694,-1.307589068842488,-1.0427652877573432,-1.330146147172873,1.0,1.0,1.0
ap,-0.806624000342166,-0.7678565942118019,0.01136514643178826,0.785812937500164,0.7816379208869099,0.7968652295869152,1.0,1.0,1.0
Pdp1,-1.2346166969629078,-1.1380319517724198,-0.07532958699307199,0.9794382298226687,1.2590870689329674,1.1367164338068532,1.0,1.0,1.0
H2.0,-0.2408913779783074,-0.23403446596064262,-0.10564138405264606,0.07991362953676096,0.09198743153561839,0.24222970674555325,1.0,1.0,1.0
ftz,-1.2788779123903908,-1.1378352430629577,-0.19803648472282187,0.9647292390041813,1.3107507157818379,1.1513870998825269,1.0,1.0,1.0
Ubx,0.8404271453218194,0.7760681648581169,0.012701603127234624,-0.6915098864969661,-0.8566928472739065,-0.7308357308562304,1.0,1.0,1.0
ct,-0.5445813239285684,-0.4629355172757355,-0.09754850574924706,0.40290951882120574,0.4943000525850575,0.5241952012449441,1.0,1.0,1.0
bsh,-1.162642415056279,-1.0617193157700653,-0.15458385176023273,0.8995247970295263,1.1825159230224749,1.0670243351302557,1.0,1.0,1.0
Optix,-0.17958789324374722,-0.31423026875174886,0.3611310110574203,0.34435874626087176,0.1309212854944249,0.21451732096293402,1.0,1.0,1.0
al,-0.13427817308101236,-0.16547261688062995,-0.042356315512475325,-0.09687567780726535,0.09712842880107878,0.17039082925252053,1.0,1.0,1.0
Dll,0.1397383075431644,0.611277255419299,-1.361394035247722,-0.6186776005696757,-0.014939102241560436,-0.44671408634994864,1.0,1.0,1.0
pnr,0.0693816337621543,-0.0188161615169861,-0.13649849712961976,-0.09849115111496996,0.11663558355795824,-0.03372667543519515,1.0,1.0,1.0
repo,0.18986256281333946,0.119359794963557,0.16841492785014797,0.0047650210675606024,-0.22974737482089308,-0.06940020997569188,1.0,1.0,1.0
gt,0.10341754863639253,0.09102932710657563,-0.25706779246623584,-0.3302226674431088,0.0397560794981545,-0.13186650834294605,1.0,1.0,1.0
Mad,1.9383282963491217,1.7510327577597358,-0.33793321253324443,-1.611521127772808,-1.8178717422690491,-1.7241081327770973,1.0,1.0,1.0
CG34031,-1.4254942327927334,-1.2638126794375648,-0.18886145129574147,1.1137835147690085,1.4286899126745571,1.283342705366234,1.0,1.0,1.0
Hsf,0.6177655609378753,0.41958605957654527,0.27513202044918095,-0.09756618987249263,-0.8064704955784107,-0.45031301431231757,1.0,1.0,1.0
msl-1,-0.2829352884050578,-0.08111032317981938,-0.866526020679332,-0.2876035809291518,0.37208729055685724,0.07023779143197525,1.0,1.0,1.0
Su(H),-1.201477560895482,-1.103027468540404,-0.10408466186056074,0.9373273332886431,1.2431765252204414,1.0993532729370064,1.0,1.0,1.0
lms,-0.7907176496159224,-0.6289363574300316,-0.13367910060130453,0.5552813165379493,0.8724409335336376,0.6955365908714126,1.0,1.0,1.0
HGTX,-0.7589722142908759,-0.7216533616087581,-0.09356225616875849,0.5967592890980261,0.8447955171062695,0.7624163244086998,1.0,1.0,1.0
bcd,2.933783679954571,2.8523324601009783,1.6166010582234749,-0.7036408090352684,-3.290204512750375,-2.549920688591488,1.0,1.0,1.0
ovo,-0.17430179926770178,-0.2921987869017272,0.36468548723152516,0.2534244762922312,-0.013613889211971904,0.26750206255230435,1.0,1.0,1.0
CG4328,-0.7035932677585277,-0.6546901769827298,-0.003114863540384179,0.5901227527394516,0.6244862788946218,0.6563006920512366,1.0,1.0,1.0
Tbp,-0.4257607187245985,-0.4563771941516918,0.109610919227226,0.4374316330457493,0.3140949780159762,0.4687287289464848,1.0,1.0,1.0
Dbx,0.8769522505738843,0.6915684049190784,0.7362845150512907,-0.17667280940360555,-0.9933936676659532,-0.7939154295718782,1.0,1.0,1.0
en,0.08945969411708908,0.08565790304877223,0.16799288649521346,-0.0014779771071124414,0.021652409324106336,-0.06526398685497975,1.0,1.0,1.0
sna,2.3905422614277296,2.944768142958019,-2.790194728985402,-2.4752906216104926,-1.7824355999335098,-2.5471212093426354,1.0,1.0,1.0
Six4,-1.2764191633619832,-1.1467988105442575,-0.20742431367614506,0.9578233060360587,1.331485033525094,1.1508870871342025,1.0,1.0,1.0
C15,-0.238891584704894,-0.3670741661274872,0.20311996187841175,0.4304493383390295,0.262421788879713,0.283875658932964,1.0,1.0,1.0
vvl,0.8387565037365545,-0.059931583527913064,3.553625428611031,0.6063706681463842,-1.3037207646764215,-0.06823690124990527,1.0,1.0,1.0
ind,0.7819688581760263,1.044090343866982,-0.6241590137986754,-0.8966660946613619,-0.5998026220028394,-0.8543867394382303,1.0,1.0,1.0
EcR,0.013131916528286625,-0.044114650975489236,0.07842161959041136,0.06603892702495387,0.03465653975846356,0.028079156097412208,1.0,1.0,1.0
abd-A,0.6813739372347491,0.7373405374696593,-0.8062238775826317,-0.9667423972561502,-0.49027730150145277,-0.8187399545735025,1.0,1.0,1.0
M1BP,-1.22444344259082,-1.147148406051256,-0.06446374440148547,0.9610838633984332,1.246516696669545,1.1395596331114133,1.0,1.0,1.0
D,-1.273759219378356,-1.1413006073882044,-0.10725607928536128,0.9669218412258379,1.302003640994413,1.1469841436925785,1.0,1.0,1.0
inv,-0.7717257405541,-0.7948330094426912,0.1509510483679445,0.7658832774552499,0.7599444354327866,0.80516770787459,1.0,1.0,1.0
br,0.3000889982640337,0.27953704312937805,-0.15110347649731282,-0.3775407574067975,-0.28611182694422216,-0.1510788095919658,1.0,1.0,1.0
ttk,-0.16578014294433083,-0.24033658816829492,0.5249870154827858,0.28374037806724706,0.07740832192394316,0.2635556645951865,1.0,1.0,1.0
Hmx,-0.09657943367906346,-0.09121527481322438,0.2521143477697173,0.16965193395834585,-0.10791374441644282,0.04765459905435539,1.0,1.0,1.0
lbe,0.4859350322896313,0.5427844051342499,-0.34251155076352685,-0.555658852840819,-0.44942651354198604,-0.5035205116389015,1.0,1.0,1.0
Awh,-0.594218534669019,-0.5826986360375589,-0.11162865792009097,0.4746294942398124,0.703624968318364,0.5476800946402476,1.0,1.0,1.0
Clamp,1.167862107335197,1.3695727435611962,-0.4687804790060462,-0.940975052472722,-0.7851536496615071,-1.1960892877309186,1.0,1.0,1.0
Eip74EF,0.570780948203886,0.644382900080177,-0.10064154243697411,-0.7481364695901039,-0.5291825412097549,-0.7934782908773083,1.0,1.0,1.0
Dfd,0.5087140800461086,-0.0976453599979214,2.151413190451766,0.6234334134563873,-0.9903441178629843,-0.10349002435013643,1.0,1.0,1.0
Abd-B,-0.6884966238425981,-0.7748936839127032,0.5068923925562461,0.9682172284837262,0.5839955707201384,0.8073442445729417,1.0,1.0,1.0
Scr,-0.9696156228940893,-0.9120511042246207,0.040469713099084814,0.774724417264919,0.9441764783145395,0.9055653253796228,1.0,1.0,1.0
ems,-1.3036954553738926,-1.1797884797043268,-0.12900028337719574,1.0051371486997742,1.3222940334538338,1.1802887721090007,1.0,1.0,1.0
dve,-1.4196624928924815,-1.2935819334110987,-0.16321895864128289,1.081753263032468,1.4485865336156956,1.2945427777128573,1.0,1.0,1.0
prd,0.15154149208746545,0.2827731515328741,-0.23677881864815992,-0.019843959386567557,-0.10194970793568585,-0.23234378131265399,1.0,1.0,1.0
Deaf1,-1.419625878204664,-1.2935338084786967,-0.16323277698163188,1.0817660865669312,1.4486142573466905,1.2945258364310552,1.0,1.0,1.0
NK7.1,-0.4380982826123605,-0.48572693573748793,0.2430207209617316,0.5953615146846846,0.381059642307515,0.4890224841523738,1.0,1.0,1.0
hbn,0.9777627674120415,1.1802524862844948,-2.01601177369812,-2.225344031163988,-0.67802843031467,-1.3335420053404818,1.0,1.0,1.0
ro,-1.367019528265964,-1.2528224529402117,-0.11828023087516111,1.0500722095852828,1.391849340477869,1.2528445094625718,1.0,1.0,1.0
Rx,0.06631264741845687,-0.016703209957891964,0.3850376060248596,0.1593345456887568,-0.026038950750934476,0.11948313020722262,1.0,1.0,1.0
Elba2,-0.18841440118490926,-0.2686912828173518,0.6621569264031365,0.420006709567053,0.07889109339946106,0.3178728086877905,1.0,1.0,1.0
achi,1.0214685876500735,0.6946919410035045,1.2325366480698265,0.13162926279900247,-1.1915126868391044,-0.6263890465548553,1.0,1.0,1.0
dl,-0.207373594399693,-0.16747311592813152,-0.011652150596257096,0.421055189011733,0.17631002252384098,0.12650804998953566,1.0,1.0,1.0
CG32532,0.7704194611456032,0.49838515519782883,1.8630804460843704,0.11023199617013867,-1.1399099225172908,-0.37015956407926415,1.0,1.0,1.0
tin,-0.8495798622708728,-0.7094296856168328,0.08602721820850634,0.7952545771107545,0.8116708667918154,0.7522485107210052,1.0,1.0,1.0
