"[Select]","Gene Set Category","Gene Set ID","Gene Set Name","Gene Set Size","Count Overlap Gene","Percentage Genes in Gene Set","Fold Enrichment","log2 fold","P value","P value calc log_10","Bonferroni","Benjamini & Hochberg","Benjamini & Yekutieli","Overlaping Gene Symbols","Overlapping Gene IDs"
"","GO Biological Processes","GO:0007626","locomotory behavior","205","4","13.793","9.3981","3.232","0.000802553041286729","3.09552625515125","0.351518232083587","0.13976196128327","0.930895122186502","tay,tara,norpA,Shab","FBgn0260938,FBgn0040071,FBgn0262738,FBgn0262593"
"","GO Biological Processes","GO:0050912","detection of chemical stimulus involved in sensory perception of taste","24","2","6.897","40.1379","5.327","0.00111665644357247","2.95208042367122","0.489095522284744","0.13976196128327","0.930895122186502","Gr61a,norpA","FBgn0035167,FBgn0262738"
"","GO Biological Processes","GO:0007632","visual behavior","27","2","6.897","35.6782","5.157","0.00141462558750661","2.84935849073793","0.619606007327896","0.13976196128327","0.930895122186502","Syn,tay","FBgn0004575,FBgn0260938"
"","GO Biological Processes","GO:0008016","regulation of heart contraction","29","2","6.897","33.2176","5.054","0.00163208710005045","2.78725666784815","0.714854149822097","0.13976196128327","0.930895122186502","Shab,Nos","FBgn0262593,FBgn0011676"
"","GO Biological Processes","GO:0060047","heart contraction","35","2","6.897","27.5232","4.783","0.00237347388649139","2.62461554212766","1","0.13976196128327","0.930895122186502","Nos,Shab","FBgn0011676,FBgn0262593"
"","GO Biological Processes","GO:0045807","positive regulation of endocytosis","39","2","6.897","24.7003","4.626","0.00294072036743847","2.53154627051239","1","0.13976196128327","0.930895122186502","norpA,sdt","FBgn0262738,FBgn0261873"
"","GO Biological Processes","GO:0034220","ion transmembrane transport","299","4","13.793","6.4435","2.688","0.00320422799972767","2.4942765888735","1","0.13976196128327","0.930895122186502","Shab,norpA,ATPsynepsilonL,nAChRalpha3","FBgn0262593,FBgn0262738,FBgn0051477,FBgn0015519"
"","GO Biological Processes","GO:0003015","heart process","46","2","6.897","20.9415","4.388","0.00407073008516541","2.39032769310315","1","0.13976196128327","0.930895122186502","Shab,Nos","FBgn0262593,FBgn0011676"
"","GO Biological Processes","GO:0007623","circadian rhythm","157","3","10.345","9.2036","3.202","0.00410804712541299","2.38636458304228","1","0.13976196128327","0.930895122186502","norpA,Shab,tara","FBgn0262738,FBgn0262593,FBgn0040071"
"","GO Biological Processes","GO:0009416","response to light stimulus","157","3","10.345","9.2036","3.202","0.00410804712541299","2.38636458304228","1","0.13976196128327","0.930895122186502","tay,Syn,norpA","FBgn0260938,FBgn0004575,FBgn0262738"
"","GO Biological Processes","GO:0006812","cation transport","342","4","13.793","5.6334","2.494","0.00517039181289229","2.2864765447727","1","0.143452687768582","0.955477485305596","norpA,nAChRalpha3,ATPsynepsilonL,Shab","FBgn0262738,FBgn0015519,FBgn0051477,FBgn0262593"
"","GO Biological Processes","GO:0030100","regulation of endocytosis","57","2","6.897","16.9002","4.079","0.00618923301741538","2.2083631663179","1","0.143452687768582","0.955477485305596","sdt,norpA","FBgn0261873,FBgn0262738"
"","GO Biological Processes","GO:0050877","nervous system process","581","5","17.241","4.1451","2.051","0.00634433722469155","2.19761374073927","1","0.143452687768582","0.955477485305596","nAChRalpha3,Gr61a,Inx7,norpA,Syn","FBgn0015519,FBgn0035167,FBgn0027106,FBgn0262738,FBgn0004575"
"","GO Biological Processes","GO:0030534","adult behavior","186","3","10.345","7.7686","2.958","0.00658115426127184","2.18169792928298","1","0.143452687768582","0.955477485305596","Syn,tay,norpA","FBgn0004575,FBgn0260938,FBgn0262738"
"","GO Biological Processes","GO:0098662","inorganic cation transmembrane transport","189","3","10.345","7.6453","2.935","0.00687786859164435","2.16254612605238","1","0.143452687768582","0.955477485305596","ATPsynepsilonL,Shab,norpA","FBgn0051477,FBgn0262593,FBgn0262738"
"","GO Biological Processes","GO:0009314","response to radiation","199","3","10.345","7.2611","2.86","0.00792420491224356","2.10104430255474","1","0.157675347033227","1","norpA,tay,Syn","FBgn0262738,FBgn0260938,FBgn0004575"
"","GO Biological Processes","GO:0098655","cation transmembrane transport","211","3","10.345","6.8482","2.776","0.00929816457037736","2.03160277140586","1","0.169691503409387","1","norpA,ATPsynepsilonL,Shab","FBgn0262738,FBgn0051477,FBgn0262593"
"","GO Biological Processes","GO:0030431","sleep","78","2","6.897","12.3501","3.626","0.0113365642256505","1.94551854720056","1","0.177336254672675","1","Shab,tara","FBgn0262593,FBgn0040071"
"","GO Biological Processes","GO:0050909","sensory perception of taste","78","2","6.897","12.3501","3.626","0.0113365642256505","1.94551854720056","1","0.177336254672675","1","norpA,Gr61a","FBgn0262738,FBgn0035167"
"","GO Biological Processes","GO:0042391","regulation of membrane potential","82","2","6.897","11.7477","3.554","0.0124730830672855","1.90402618536545","1","0.180420992239971","1","nAChRalpha3,Shab","FBgn0015519,FBgn0262593"
"","GO Biological Processes","GO:0006164","purine nucleotide biosynthetic process","84","2","6.897","11.468","3.52","0.0130593665950366","1.88407788668662","1","0.180420992239971","1","Nos,ATPsynepsilonL","FBgn0011676,FBgn0051477"
"","GO Biological Processes","GO:0042752","regulation of circadian rhythm","90","2","6.897","10.7034","3.42","0.0148890901254209","1.82713184123927","1","0.180420992239971","1","Shab,norpA","FBgn0262593,FBgn0262738"
"","GO Biological Processes","GO:0023052","signaling","1684","8","27.586","2.2881","1.194","0.0183841147734889","1.73555727731238","1","0.180420992239971","1","nAChRalpha3,norpA,Shab,chrb,Nos,mthl2,tay,Syn","FBgn0015519,FBgn0262738,FBgn0262593,FBgn0036165,FBgn0011676,FBgn0035623,FBgn0260938,FBgn0004575"
"","GO Biological Processes","GO:0008344","adult locomotory behavior","101","2","6.897","9.5377","3.254","0.0185122701704923","1.7325403201956","1","0.180420992239971","1","norpA,tay","FBgn0262738,FBgn0260938"
"","GO Biological Processes","GO:0045926","negative regulation of growth","101","2","6.897","9.5377","3.254","0.0185122701704923","1.7325403201956","1","0.180420992239971","1","nos,chrb","FBgn0002962,FBgn0036165"
"","GO Biological Processes","GO:0017145","stem cell division","104","2","6.897","9.2626","3.211","0.0195590300287956","1.70865268654161","1","0.182273513885372","1","sdt,nos","FBgn0261873,FBgn0002962"
"","GO Biological Processes","GO:0050907","detection of chemical stimulus involved in sensory perception","104","2","6.897","9.2626","3.211","0.0195590300287956","1.70865268654161","1","0.182273513885372","1","Gr61a,norpA","FBgn0035167,FBgn0262738"
"","GO Biological Processes","GO:0007154","cell communication","1732","8","27.586","2.2247","1.154","0.0214925277986728","1.66771250286807","1","0.184942683560115","1","nAChRalpha3,Syn,norpA,Shab,Nos,mthl2,chrb,tay","FBgn0015519,FBgn0004575,FBgn0262738,FBgn0262593,FBgn0011676,FBgn0035623,FBgn0036165,FBgn0260938"
"","GO Biological Processes","GO:0006811","ion transport","521","4","13.793","3.6979","1.887","0.0216927782150833","1.66368482390955","1","0.184942683560115","1","ATPsynepsilonL,Shab,norpA,nAChRalpha3","FBgn0051477,FBgn0262593,FBgn0262738,FBgn0015519"
"","GO Biological Processes","GO:0048512","circadian behavior","112","2","6.897","8.601","3.105","0.0224693124332021","1.64841021690152","1","0.184942683560115","1","Shab,tara","FBgn0262593,FBgn0040071"
"","GO Biological Processes","GO:0007622","rhythmic behavior","114","2","6.897","8.4501","3.079","0.0232233963374573","1.63407426596034","1","0.184942683560115","1","Shab,tara","FBgn0262593,FBgn0040071"
"","GO Biological Processes","GO:0043069","negative regulation of programmed cell death","114","2","6.897","8.4501","3.079","0.0232233963374573","1.63407426596034","1","0.184942683560115","1","nos,norpA","FBgn0002962,FBgn0262738"
"","GO Biological Processes","GO:0009165","nucleotide biosynthetic process","119","2","6.897","8.095","3.017","0.0251539789025125","1.59939330767653","1","0.193288469461412","1","Nos,ATPsynepsilonL","FBgn0011676,FBgn0051477"
"","GO Biological Processes","GO:0007613","memory","124","2","6.897","7.7686","2.958","0.0271482248927016","1.56625856182127","1","0.198672712385715","1","Syn,Inx7","FBgn0004575,FBgn0027106"
"","GO Biological Processes","GO:0007268","chemical synaptic transmission","318","3","10.345","4.5439","2.184","0.0275875213640307","1.55928731750851","1","0.198672712385715","1","Shab,nAChRalpha3,Syn","FBgn0262593,FBgn0015519,FBgn0004575"
"","GO Biological Processes","GO:0099536","synaptic signaling","321","3","10.345","4.5015","2.17","0.0282611402031975","1.54881032040793","1","0.198672712385715","1","Syn,Shab,nAChRalpha3","FBgn0004575,FBgn0262593,FBgn0015519"
"","GO Biological Processes","GO:0050906","detection of stimulus involved in sensory perception","128","2","6.897","7.5259","2.912","0.0287885006228831","1.54078095367576","1","0.198672712385715","1","norpA,Gr61a","FBgn0262738,FBgn0035167"
"","GO Biological Processes","GO:0051124","synaptic growth at neuromuscular junction","137","2","6.897","7.0315","2.814","0.0326210388530931","1.48650221248698","1","0.198672712385715","1","Syn,nos","FBgn0004575,FBgn0002962"
"","GO Biological Processes","GO:0012501","programmed cell death","345","3","10.345","4.1883","2.066","0.0339675465863687","1.46893582029161","1","0.198672712385715","1","norpA,nos,chrb","FBgn0262738,FBgn0002962,FBgn0036165"
"","GO Biological Processes","GO:0009266","response to temperature stimulus","143","2","6.897","6.7364","2.752","0.0352820901052752","1.45244569524372","1","0.198672712385715","1","Syn,norpA","FBgn0004575,FBgn0262738"
"","GO Biological Processes","GO:0060548","negative regulation of cell death","143","2","6.897","6.7364","2.752","0.0352820901052752","1.45244569524372","1","0.198672712385715","1","nos,norpA","FBgn0002962,FBgn0262738"
"","GO Biological Processes","GO:0007617","mating behavior","144","2","6.897","6.6897","2.742","0.0357336423519084","1.44692271364048","1","0.198672712385715","1","Syn,Acp33A","FBgn0004575,FBgn0267327"
"","GO Biological Processes","GO:0055085","transmembrane transport","629","4","13.793","3.063","1.615","0.0395882540460791","1.40243365143986","1","0.201623898513752","1","ATPsynepsilonL,norpA,Shab,nAChRalpha3","FBgn0051477,FBgn0262738,FBgn0262593,FBgn0015519"
"","GO Biological Processes","GO:0006163","purine nucleotide metabolic process","157","2","6.897","6.1357","2.617","0.0418065094141872","1.37875609184785","1","0.205697390196471","1","Nos,ATPsynepsilonL","FBgn0011676,FBgn0051477"
"","GO Biological Processes","GO:0006897","endocytosis","164","2","6.897","5.8738","2.554","0.0452273240578896","1.34459910717497","1","0.209476193397876","1","sdt,norpA","FBgn0261873,FBgn0262738"
"","GO Biological Processes","GO:0007618","mating","164","2","6.897","5.8738","2.554","0.0452273240578896","1.34459910717497","1","0.209476193397876","1","Syn,Acp33A","FBgn0004575,FBgn0267327"
"","GO Biological Processes","GO:0009593","detection of chemical stimulus","166","2","6.897","5.8031","2.537","0.0462234136575932","1.33513798447545","1","0.209476193397876","1","Gr61a,norpA","FBgn0035167,FBgn0262738"
"","GO Biological Processes","GO:0019098","reproductive behavior","167","2","6.897","5.7683","2.528","0.0467245271398439","1.33045508506086","1","0.209476193397876","1","Syn,Acp33A","FBgn0004575,FBgn0267327"
"","GO Biological Processes","GO:0007416","synapse assembly","170","2","6.897","5.6665","2.502","0.0482400227374176","1.31659249616781","1","0.209476193397876","1","Nos,Syn","FBgn0011676,FBgn0002962,FBgn0004575"
"","GO Biological Processes","GO:0008219","cell death","400","3","10.345","3.6124","1.853","0.049146362474997","1.30850862056831","1","0.209476193397876","1","chrb,nos,norpA","FBgn0036165,FBgn0002962,FBgn0262738"
"","GO Biological Processes","GO:0007611","learning or memory","172","2","6.897","5.6006","2.486","0.0492603833789526","1.30750221249863","1","0.209476193397876","1","Syn,Inx7","FBgn0004575,FBgn0027106"
"","GO Biological Processes","GO:0015672","monovalent inorganic cation transport","175","2","6.897","5.5046","2.461","0.0508057729497057","1.29408693697288","1","0.213519014341372","1","ATPsynepsilonL,Shab","FBgn0051477,FBgn0262593"
"","GO Biological Processes","GO:0007528","neuromuscular junction development","178","2","6.897","5.4119","2.436","0.0523687466997528","1.28092781960424","1","0.213519014341372","1","nos,Syn","FBgn0002962,FBgn0004575"
"","GO Biological Processes","GO:0050803","regulation of synapse structure or activity","188","2","6.897","5.124","2.357","0.0577023196381619","1.23880672781819","1","0.22107016236149","1","nos,Shab","FBgn0002962,FBgn0262593"
"","GO Biological Processes","GO:0009117","nucleotide metabolic process","200","2","6.897","4.8166","2.268","0.0643433688250004","1.19149620448772","1","0.232302998060664","1","Nos,ATPsynepsilonL","FBgn0011676,FBgn0051477"
"","GO Biological Processes","GO:0040007","growth","448","3","10.345","3.2254","1.689","0.0647054012863037","1.18905946506656","1","0.232302998060664","1","Nos,chrb,Syn","FBgn0011676,FBgn0002962,FBgn0036165,FBgn0004575"
"","GO Biological Processes","GO:0006753","nucleoside phosphate metabolic process","204","2","6.897","4.7221","2.239","0.0666128625147667","1.17644190326468","1","0.23720677871112","1","Nos,ATPsynepsilonL","FBgn0011676,FBgn0051477"
"","GO Biological Processes","GO:0007165","signal transduction","1439","6","20.69","2.0083","1.006","0.0714259303105819","1.14614409429669","1","0.240439250580438","1","norpA,mthl2,chrb,tay,nAChRalpha3,Nos","FBgn0262738,FBgn0035623,FBgn0036165,FBgn0260938,FBgn0015519,FBgn0011676"
"","GO Biological Processes","GO:0030001","metal ion transport","215","2","6.897","4.4805","2.164","0.072991205696993","1.13672946244589","1","0.240439250580438","1","Shab,norpA","FBgn0262593,FBgn0262738"
"","GO Biological Processes","GO:0007186","G protein-coupled receptor signaling pathway","226","2","6.897","4.2624","2.092","0.0795617048980782","1.09929591911354","1","0.244663212811286","1","mthl2,norpA","FBgn0035623,FBgn0262738"
"","GO Biological Processes","GO:0042493","response to drug","228","2","6.897","4.225","2.079","0.0807761006537728","1.09271711558078","1","0.245383341955085","1","Syn,CG3556","FBgn0004575,FBgn0029708"
"","GO Biological Processes","GO:0043067","regulation of programmed cell death","235","2","6.897","4.0992","2.035","0.0850726196408321","1.07021019376097","1","0.246705046196646","1","nos,norpA","FBgn0002962,FBgn0262738"
"","GO Biological Processes","GO:0007267","cell-cell signaling","506","3","10.345","2.8557","1.514","0.0861985102584397","1.06450023988445","1","0.246764362700631","1","Syn,Shab,nAChRalpha3","FBgn0004575,FBgn0262593,FBgn0015519"
"","GO Biological Processes","GO:0016192","vesicle-mediated transport","518","3","10.345","2.7895","1.48","0.0909907794961993","1.041002614457","1","0.253141581723972","1","Syn,norpA,sdt","FBgn0004575,FBgn0262738,FBgn0261873"
"","GO Biological Processes","GO:0048598","embryonic morphogenesis","262","2","6.897","3.6768","1.878","0.1022730197639","0.990238920667888","1","0.269136241835328","1","chrb,sdt","FBgn0036165,FBgn0261873"
"","GO Biological Processes","GO:0007606","sensory perception of chemical stimulus","273","2","6.897","3.5286","1.819","0.10954238961569","0.960417789374109","1","0.278950968905071","1","Gr61a,norpA","FBgn0035167,FBgn0262738"
"","GO Biological Processes","GO:0006915","apoptotic process","275","2","6.897","3.5029","1.809","0.110879088236887","0.955150353938227","1","0.280722778310732","1","chrb,nos","FBgn0036165,FBgn0002962"
"","GO Biological Processes","GO:0010941","regulation of cell death","280","2","6.897","3.4404","1.783","0.114240267154458","0.942180789955407","1","0.281108073110408","1","norpA,nos","FBgn0262738,FBgn0002962"
"","GO Biological Processes","GO:0051049","regulation of transport","283","2","6.897","3.4039","1.767","0.116270017416155","0.934532262481115","1","0.281161576405592","1","sdt,norpA","FBgn0261873,FBgn0262738"
"","GO Biological Processes","GO:0051301","cell division","283","2","6.897","3.4039","1.767","0.116270017416155","0.934532262481115","1","0.281161576405592","1","nos,sdt","FBgn0002962,FBgn0261873"
"","GO Biological Processes","GO:0050808","synapse organization","297","2","6.897","3.2435","1.698","0.125865489847757","0.900093329647242","1","0.288534879598294","1","nos,Syn","FBgn0002962,FBgn0011676,FBgn0004575"
"","GO Biological Processes","GO:0040008","regulation of growth","305","2","6.897","3.1584","1.659","0.131434848061978","0.881289472565274","1","0.292225702797696","1","Nos,chrb","FBgn0011676,FBgn0002962,FBgn0036165"
"","GO Biological Processes","GO:0006396","RNA processing","621","3","10.345","2.3268","1.218","0.136456743307602","0.865004997854701","1","0.295881453310543","1","CG11360,CG33082,nos","FBgn0039920,FBgn0053082,FBgn0002962"
"","GO Biological Processes","GO:0007444","imaginal disc development","631","3","10.345","2.29","1.195","0.141244337362551","0.850028954492548","1","0.299884776743149","1","tara,Nos,tay","FBgn0040071,FBgn0011676,FBgn0260938"
"","GO Biological Processes","GO:0035556","intracellular signal transduction","632","3","10.345","2.2863","1.193","0.14172636709094","0.848549345117108","1","0.299884776743149","1","chrb,norpA,Nos","FBgn0036165,FBgn0262738,FBgn0011676"
"","GO Biological Processes","GO:0009968","negative regulation of signal transduction","328","2","6.897","2.9369","1.554","0.147761356356892","0.830439130997634","1","0.30921920047679","1","tay,chrb","FBgn0260938,FBgn0036165"
"","GO Biological Processes","GO:0006397","mRNA processing","348","2","6.897","2.7681","1.469","0.162292775788681","0.789700811689111","1","0.324585551577361","1","nos,CG11360","FBgn0002962,FBgn0039920"
"","GO Biological Processes","GO:0050790","regulation of catalytic activity","353","2","6.897","2.7289","1.448","0.165968366363331","0.77997468077337","1","0.325982710614974","1","Spn43Aa,Nos","FBgn0024294,FBgn0011676"
"","GO Biological Processes","GO:0008283","cell population proliferation","359","2","6.897","2.6833","1.424","0.170399724650812","0.7685311113459","1","0.327246066268322","1","sdt,Nos","FBgn0261873,FBgn0011676"
"","GO Biological Processes","GO:0006796","phosphate-containing compound metabolic process","1060","4","13.793","1.8176","0.862","0.174167106319526","0.759033863638563","1","0.329548057158741","1","Nos,norpA,ATPsynepsilonL,Asator","FBgn0011676,FBgn0262738,FBgn0051477,FBgn0039908"
"","GO Biological Processes","GO:0048589","developmental growth","379","2","6.897","2.5417","1.346","0.185319164346334","0.732079666814416","1","0.344209769039174","1","Syn,nos","FBgn0004575,FBgn0002962,FBgn0011676"
"","GO Biological Processes","GO:0060429","epithelium development","1087","4","13.793","1.7724","0.826","0.185464624413802","0.731738915628445","1","0.344209769039174","1","tara,Nos,sdt,tay","FBgn0040071,FBgn0011676,FBgn0261873,FBgn0260938"
"","GO Biological Processes","GO:0007275","multicellular organism development","2719","8","27.586","1.4172","0.503","0.188381240713474","0.724962347085907","1","0.348121195287691","1","norpA,Syn,tay,sdt,nos,tara,mthl2,chrb","FBgn0262738,FBgn0004575,FBgn0260938,FBgn0261873,FBgn0002962,FBgn0040071,FBgn0011676,FBgn0035623,FBgn0036165"
"","GO Biological Processes","GO:0009966","regulation of signal transduction","745","3","10.345","1.9396","0.956","0.199551032312116","0.699946021193433","1","0.35064893328664","1","chrb,norpA,tay","FBgn0036165,FBgn0262738,FBgn0260938"
"","GO Biological Processes","GO:0035220","wing disc development","427","2","6.897","2.256","1.174","0.221853918973592","0.653932895216197","1","0.366139999375859","1","tara,tay","FBgn0040071,FBgn0260938"
"","GO Biological Processes","GO:0009888","tissue development","1185","4","13.793","1.6258","0.701","0.228472538861023","0.64116599225859","1","0.37201104840568","1","sdt,Nos,tara,tay","FBgn0261873,FBgn0011676,FBgn0040071,FBgn0260938"
"","GO Biological Processes","GO:0035295","tube development","801","3","10.345","1.804","0.851","0.230197939585293","0.637898567894507","1","0.373432213105032","1","tara,Nos,tay","FBgn0040071,FBgn0011676,FBgn0260938"
"","GO Biological Processes","GO:0032879","regulation of localization","495","2","6.897","1.9461","0.961","0.274575899689916","0.561337584692168","1","0.409062054640078","1","sdt,norpA","FBgn0261873,FBgn0262738"
"","GO Biological Processes","GO:0009653","anatomical structure morphogenesis","1724","5","17.241","1.3969","0.482","0.283726400737766","0.547100251228215","1","0.41562596496034","1","tay,sdt,chrb,norpA,nos","FBgn0260938,FBgn0261873,FBgn0036165,FBgn0262738,FBgn0002962"
"","GO Biological Processes","GO:0048513","animal organ development","1379","4","13.793","1.3971","0.482","0.320216177483542","0.494556731085185","1","0.452434470121908","1","Nos,norpA,tara,tay","FBgn0011676,FBgn0262738,FBgn0040071,FBgn0260938"
"","GO Biological Processes","GO:0007389","pattern specification process","563","2","6.897","1.711","0.775","0.327378933437774","0.484949270513843","1","0.458121318995991","1","tara,nos","FBgn0040071,FBgn0002962"
"","GO Biological Processes","GO:0010033","response to organic substance","567","2","6.897","1.699","0.765","0.330466769525909","0.480872204974433","1","0.460084754307019","1","Syn,Nos","FBgn0004575,FBgn0011676"
"","GO Biological Processes","GO:0048856","anatomical structure development","3179","8","27.586","1.2121","0.278","0.332846583918366","0.477755895954361","1","0.461350644798241","1","nos,tay,sdt,tara,Syn,norpA,chrb,mthl2","FBgn0002962,FBgn0260938,FBgn0261873,FBgn0040071,FBgn0004575,FBgn0262738,FBgn0011676,FBgn0036165,FBgn0035623"
"","GO Biological Processes","GO:0032502","developmental process","3282","8","27.586","1.1741","0.232","0.368641403309048","0.433395889358808","1","0.496815183536502","1","tay,chrb,nos,mthl2,sdt,tara,norpA,Syn","FBgn0260938,FBgn0036165,FBgn0002962,FBgn0035623,FBgn0011676,FBgn0261873,FBgn0040071,FBgn0262738,FBgn0004575"
"","GO Biological Processes","GO:0048666","neuron development","664","2","6.897","1.4508","0.537","0.404056764209915","0.393557618425532","1","0.528289142459531","1","sdt,nos","FBgn0261873,FBgn0002962"
"","GO Biological Processes","GO:0002009","morphogenesis of an epithelium","671","2","6.897","1.4356","0.522","0.409245274927325","0.388016326173409","1","0.528759381764508","1","sdt,tay","FBgn0261873,FBgn0260938"
"","GO Biological Processes","GO:0007166","cell surface receptor signaling pathway","687","2","6.897","1.4022","0.488","0.421030230115668","0.375686720551302","1","0.5407954275386","1","tay,mthl2","FBgn0260938,FBgn0035623"
"","GO Biological Processes","GO:0040011","locomotion","712","2","6.897","1.353","0.436","0.439224837197964","0.357313109466355","1","0.559245577595082","1","norpA,nos","FBgn0262738,FBgn0002962"
"","GO Biological Processes","GO:0030030","cell projection organization","730","2","6.897","1.3196","0.4","0.452149157846084","0.344718273720584","1","0.572373789412095","1","nos,CG11356","FBgn0002962,FBgn0030375"
"","GO Biological Processes","GO:0007399","nervous system development","1205","3","10.345","1.1991","0.262","0.462538912613247","0.334851724930732","1","0.580492961961611","1","Nos,sdt,Syn","FBgn0011676,FBgn0002962,FBgn0261873,FBgn0004575"
"","GO Biological Processes","GO:0009987","cellular process","8313","18","62.069","1.0429","0.061","0.468580142061876","0.32921612029665","1","0.586394577780291","1","chrb,tay,Syn,CG33082,mthl2,nos,sdt,CG11356,CG11360,tara,Shab,Spn43Aa,Asator,alpha-Man-IIb,nAChRalpha3,norpA,ATPsynepsilonL,Inx7","FBgn0036165,FBgn0260938,FBgn0004575,FBgn0053082,FBgn0035623,FBgn0002962,FBgn0011676,FBgn0261873,FBgn0030375,FBgn0039920,FBgn0040071,FBgn0262593,FBgn0024294,FBgn0039908,FBgn0026616,FBgn0015519,FBgn0262738,FBgn0051477,FBgn0027106"
"","GO Biological Processes","GO:0071702","organic substance transport","787","2","6.897","1.224","0.292","0.492024032160377","0.308013684265678","1","0.605481105398275","1","CG3556,sdt","FBgn0029708,FBgn0261873"
"","GO Biological Processes","GO:0050793","regulation of developmental process","788","2","6.897","1.2225","0.29","0.492708594011666","0.307409862528636","1","0.605481105398275","1","nos,norpA","FBgn0002962,FBgn0262738,FBgn0011676"
"","GO Biological Processes","GO:0051252","regulation of RNA metabolic process","1266","3","10.345","1.1414","0.191","0.496273326114111","0.304279066798981","1","0.605481105398275","1","tara,nos,CG11360","FBgn0040071,FBgn0002962,FBgn0039920"
"","GO Biological Processes","GO:0030182","neuron differentiation","821","2","6.897","1.1733","0.231","0.514994899127564","0.288197072496135","1","0.623115375187494","1","nos,sdt","FBgn0002962,FBgn0261873"
"","GO Biological Processes","GO:0009887","animal organ morphogenesis","848","2","6.897","1.136","0.184","0.532778735593176","0.273453117168906","1","0.641090896125855","1","norpA,tay","FBgn0262738,FBgn0260938"
"","GO Biological Processes","GO:0016070","RNA metabolic process","1920","4","13.793","1.0034","0.005","0.578414311969047","0.237760969634197","1","0.670611199659989","1","tara,CG33082,CG11360,nos","FBgn0040071,FBgn0053082,FBgn0039920,FBgn0002962"
"","GO Biological Processes","GO:0048699","generation of neurons","921","2","6.897","1.0459","0.065","0.57874665176136","0.237511508502322","1","0.670611199659989","1","sdt,nos","FBgn0261873,FBgn0002962"
"","GO Biological Processes","GO:0006139","nucleobase-containing compound metabolic process","2420","5","17.241","0.9952","-0.007","0.581131408961717","0.235725651200149","1","0.671597776056022","1","Nos,ATPsynepsilonL,tara,CG11360,CG33082","FBgn0011676,FBgn0051477,FBgn0040071,FBgn0039920,FBgn0002962,FBgn0053082"
"","GO Biological Processes","GO:0031323","regulation of cellular metabolic process","1953","4","13.793","0.9865","-0.02","0.5927603114853","0.227120882424064","1","0.679657111074768","1","Nos,Spn43Aa,CG11360,tara","FBgn0011676,FBgn0024294,FBgn0039920,FBgn0040071,FBgn0002962"
"","GO Biological Processes","GO:0022008","neurogenesis","965","2","6.897","0.9982","-0.003","0.604919878065461","0.218302144055557","1","0.689379702340636","1","sdt,nos","FBgn0261873,FBgn0002962"
"","GO Biological Processes","GO:0022414","reproductive process","1520","3","10.345","0.9506","-0.073","0.625196869275461","0.203983205412601","1","0.703949174145635","1","Acp33A,nos,Syn","FBgn0267327,FBgn0002962,FBgn0004575"
"","GO Biological Processes","GO:0032504","multicellular organism reproduction","1569","3","10.345","0.9209","-0.119","0.647550169811753","0.188726578399861","1","0.723538199942724","1","Syn,nos,Acp33A","FBgn0004575,FBgn0002962,FBgn0267327"
"","GO Biological Processes","GO:0010468","regulation of gene expression","1586","3","10.345","0.9111","-0.134","0.655099680681813","0.183692612258123","1","0.728323347398071","1","nos,tara,CG11360","FBgn0002962,FBgn0040071,FBgn0039920"
"","GO Biological Processes","GO:0048468","cell development","1612","3","10.345","0.8964","-0.158","0.666438729366978","0.176239772313124","1","0.730996068139854","1","norpA,nos,sdt","FBgn0262738,FBgn0002962,FBgn0261873"
"","GO Biological Processes","GO:0019222","regulation of metabolic process","2171","4","13.793","0.8874","-0.172","0.680701707674089","0.167043159880926","1","0.736166291262348","1","tara,Nos,CG11360,Spn43Aa","FBgn0040071,FBgn0011676,FBgn0039920,FBgn0024294,FBgn0002962"
"","GO Biological Processes","GO:0006355","regulation of transcription, DNA-templated","1137","2","6.897","0.8472","-0.239","0.696003922415974","0.157388312862408","1","0.748346134537034","1","nos,tara","FBgn0002962,FBgn0040071"
"","GO Biological Processes","GO:0000003","reproduction","1737","3","10.345","0.8319","-0.266","0.717418187053907","0.144227617850969","1","0.764547848977156","1","Acp33A,Syn,nos","FBgn0267327,FBgn0004575,FBgn0002962"
"","GO Biological Processes","GO:0006351","transcription, DNA-templated","1236","2","6.897","0.7794","-0.36","0.740514344454651","0.130466524371452","1","0.779676160747926","1","tara,nos","FBgn0040071,FBgn0002962"
"","GO Biological Processes","GO:0009058","biosynthetic process","2914","5","17.241","0.8265","-0.275","0.753314905279618","0.123023439421725","1","0.791251627128232","1","ATPsynepsilonL,Nos,norpA,tara,alpha-Man-IIb","FBgn0051477,FBgn0011676,FBgn0002962,FBgn0262738,FBgn0040071,FBgn0026616"
"","GO Biological Processes","GO:0006464","cellular protein modification process","1312","2","6.897","0.7342","-0.446","0.770985904659226","0.112953561747585","1","0.802502353327205","1","Asator,alpha-Man-IIb","FBgn0039908,FBgn0026616"
"","GO Biological Processes","GO:0030154","cell differentiation","1894","3","10.345","0.7629","-0.39","0.773187198867764","0.111715344901004","1","0.802502353327205","1","norpA,sdt,nos","FBgn0262738,FBgn0261873,FBgn0002962"
"","GO Biological Processes","GO:0010467","gene expression","2792","4","13.793","0.6901","-0.535","0.859557906687073","0.0657248604457613","1","0.875549681695205","1","tara,CG33082,nos,CG11360","FBgn0040071,FBgn0053082,FBgn0002962,FBgn0039920"
"","GO Biological Processes","GO:0044237","cellular metabolic process","5541","9","31.034","0.7823","-0.354","0.874255459560194","0.0583616469232501","1","0.884350788192529","1","Spn43Aa,Asator,alpha-Man-IIb,CG33082,norpA,tara,ATPsynepsilonL,Nos,CG11360","FBgn0024294,FBgn0039908,FBgn0026616,FBgn0053082,FBgn0262738,FBgn0040071,FBgn0051477,FBgn0011676,FBgn0002962,FBgn0039920"
"","GO Biological Processes","GO:0019538","protein metabolic process","2919","4","13.793","0.66","-0.599","0.88382250588711","0.0536349436448106","1","0.891968335434457","1","nos,alpha-Man-IIb,Asator,Spn43Aa","FBgn0002962,FBgn0026616,FBgn0039908,FBgn0024294"
"","GO Biological Processes","GO:0006807","nitrogen compound metabolic process","5312","8","27.586","0.7254","-0.463","0.914410216422628","0.0388589303476983","1","0.918604758699796","1","alpha-Man-IIb,nos,tara,CG33082,Spn43Aa,CG11360,ATPsynepsilonL,Asator","FBgn0026616,FBgn0002962,FBgn0040071,FBgn0011676,FBgn0053082,FBgn0024294,FBgn0039920,FBgn0051477,FBgn0039908"
"","GO Biological Processes","GO:0006996","organelle organization","2076","2","6.897","0.464","-1.108","0.943140381954651","0.0254236597857823","1","0.943140381954651","1","tara,CG11356","FBgn0040071,FBgn0030375"