,Female_RP0457,Male_RP0231,Male_RP0609,Female_RP0231,Male_RP0446,Male_RP0457,Male_RP0897,Male_RP0883,Female_RP0609,Female_RP0897,Female_RP0883,Female_RP0446
Dr,-0.06869947197055515,0.07679816320412707,-0.04056123640356519,0.05510731885846059,-0.07844218448649581,0.07257570890695306,0.05432534521746245,-0.0777155692603526,-0.07290823589109174,0.0771079074038891,-0.03322794541258739,-0.0690307997167154
Abd-B,-0.03420699217971305,0.025742681884405216,-0.05193275377424617,0.026658632629742617,-0.020887078593715393,0.029751634967231898,0.03655256412051142,-0.022277829452825474,-0.029064339015916905,0.03531104572214061,0.05014971373096607,-0.02847846456658232
unc-4,-0.09245447741284445,0.07749335024157052,-0.15289925227939494,0.08140076515860369,-0.07073425508630835,0.08416184212248312,0.08423958905516624,-0.06187072518855497,-0.07949969948562441,0.0757745787973746,0.15778577753575385,-0.07521089153080038
unpg,-0.12084161309226256,0.12038324332978972,-0.0826177767619208,0.11352312307250222,-0.10933367206937478,0.11394662260348605,0.115469880738411,-0.11160280180914864,-0.11339251068552697,0.1278248203012122,0.019174130779343136,-0.12217394572346976
pan,-0.11405591723372159,0.07738467364668888,-0.18292433376452588,0.08082603353756153,-0.05194698284205657,0.11034647127471169,0.12395475917074954,-0.05441794449648367,-0.10220639241014469,0.09542483790207085,0.31448392043181195,-0.10007176963441806
Dfd,-0.09147086879615916,0.07405515081900493,-0.13975943440161404,0.05213279057806106,-0.058348036418398676,0.08921314373438605,0.0988970653786828,-0.05392566142976055,-0.07196155440905784,0.07761052613437656,0.22439534233162367,-0.0784728819744588
tup,-0.08706995092273691,0.08679484554566415,-0.10038517644083943,0.08364915469154514,-0.07941795869063153,0.08770280857590702,0.11385269121622486,-0.079245749655021,-0.08982598480618753,0.12369303509958075,0.0933909292434355,-0.0863402166009433
CG11085,-0.06758408560691712,0.06508736500935708,-0.06970405153121259,0.06916215698520116,-0.058277480670907635,0.06612991133395764,0.07194981500090993,-0.0558326925277967,-0.06357478232095845,0.06543142163218772,0.06945421112985864,-0.061630852043565956
Pph13,-0.06160176429439975,0.06414288077611574,-0.06662828634860354,0.08875923178216336,-0.06293208161995036,0.06476667399299291,0.0763742906404098,-0.06235082032737801,-0.06371714186751187,0.06473719365792178,0.06118010798956722,-0.0640209634716622
eve,-0.23866686138173684,0.24965490291277054,-0.09140307214423221,0.19782395387931506,-0.2736169427389457,0.23260615398503176,0.15632843485069406,-0.2989181011631628,-0.26165022509516145,0.19527164191637775,-0.16647106064087747,-0.2394284237752973
BEAF-32,-0.10202017325561129,0.092682166065722,-0.13790549588264384,0.08246918536134219,-0.09123375284249965,0.09630294836088206,0.11067747043953283,-0.09542759310929232,-0.09456102095321102,0.10516448497038851,0.060283793260677676,-0.09381024064840066
brk,-0.1767530047846487,0.2024117490693618,-0.05269005776739131,0.14741038960337385,-0.18977553461517513,0.1746891381399025,0.1921694559664492,-0.18300410253223018,-0.17144065081065116,0.17827679950233669,0.010097833845729999,-0.20428774578394895
OdsH,-0.11244013586186222,0.10815391726003666,-0.11134478772630133,0.06983882475049817,-0.10753988058699776,0.12040140548950366,0.09887088383019618,-0.09526682138596188,-0.09835254390091507,0.13686152827486955,0.06367910542470283,-0.10567309510294719
nub,-0.10251936363074536,0.10658052621331354,-0.1153995218000575,0.08762770655665396,-0.0966096885824172,0.10327090002931923,0.09115413255810634,-0.09178323026448193,-0.09836050560925233,0.10355290895885151,0.0704614430073498,-0.10342182628717389
H,-0.03718140405999315,0.0395045017898076,-0.05182998115605514,0.04171408299284398,-0.03410933418012353,0.03831876321981327,0.049090116382657985,-0.03319467566325403,-0.03739298597083495,0.04705737656485636,0.053769928997064106,-0.038024499054277475
slbo,-0.061025670877319346,0.08111219980404728,-0.05640903334940523,0.08028075733705942,-0.0868538325311674,0.07693879661162063,0.08339956726268696,-0.08910272745580791,-0.07995677091494678,0.07366720209131335,-0.014463247344450914,-0.08089289821774502
Lmx1a,-0.07098370152201271,0.06351473075748033,-0.0864648122320441,0.05145864244253237,-0.05382471916701521,0.07065748384694162,0.08466837400614285,-0.0565464117937034,-0.06514682387356294,0.08026230288652972,0.10291652275273001,-0.06677511038400706
zld,-0.1008915693188547,0.08499693203064772,-0.09441753648109333,0.07069622196519185,-0.09225327268957978,0.0895165129523792,0.0991304366072824,-0.08538956745392472,-0.08312155580715098,0.10518889457694622,0.030857806985248405,-0.08926015456586288
ara,-0.05868945758474161,0.060837949524083106,-0.05291142654827532,0.05567904256412009,-0.053625959386478815,0.054022288051735194,0.059948612487415794,-0.059534991661678235,-0.06003733611799351,0.046893884719194694,0.0639084207667434,-0.053357631871449145
Stat92E,-0.08425649309106206,0.07671572346695602,-0.07927600500723675,0.07154427560513667,-0.08133702868185891,0.07666901196748532,0.0760153263656913,-0.08040714258926271,-0.07793359865738839,0.10053059884149462,0.06710213835131558,-0.07533999786861599
B-H2,-0.002222064708107769,0.002929790882738066,-0.0013286933586275067,0.007069670422384951,-0.0023825236154222974,0.0020504230541493794,0.0022128470562782347,-0.002502073213853214,-0.0030858304131270273,0.005546149037840694,0.0017795211744384887,-0.0034403330229719146
HHEX,-0.03494215831335082,0.0340824063189528,-0.04749075142830953,0.044055560179754774,-0.020832534200085764,0.03439172991640914,0.05029382001106749,-0.026226078786454762,-0.03383294732828275,0.042017233895591026,0.03253664213369919,-0.0326373543031929
grh,-0.13774091425423746,0.12211320439761807,-0.1055001887889359,0.1094098589744092,-0.10803174800196098,0.12441996956328472,0.16892335825217025,-0.11293671662155984,-0.1146808939979259,0.07272798758125604,0.08941629361525705,-0.11904342686895887
schlank,-0.035015111620328485,0.028459313904539603,-0.06768595818648201,0.041768464357444066,-0.02365208504717497,0.02522791987735301,0.0373811122575127,-0.02521979024956329,-0.029451602637979933,0.03784968384702832,0.03954349798316254,-0.02809301320571544
caup,-0.15789183076517613,0.2128220054879744,-0.14255492446851561,0.2800869186708019,-0.2463885187682958,0.18897065835027427,0.18177317274114602,-0.23459570862663195,-0.20006800256156695,0.17226857295660597,0.04821616953249434,-0.19434050765427371
opa,-0.004588570845268301,0.006602772033344345,-0.002115967760308434,0.02300973965970808,-0.006506664006473714,0.0024427296789311624,0.004234207451811087,-0.005623803643590224,-0.007426028812023998,0.016333373349327395,0.0008805074944053535,-0.007468758230092207
CG18599,-0.042782906665022845,0.03719668039076521,-0.04595840849541785,0.051005481763772786,-0.030083073546107952,0.03977481416617294,0.04073917217820707,-0.034517920972079535,-0.037940433967659414,0.02480530442277853,0.049897373062716216,-0.03867097506776749
pho,-0.037538629522161124,0.03541331778467719,-0.049496974115370865,0.038407296615219855,-0.03386783680248272,0.03897221866521415,0.033581055207043506,-0.03300694154690277,-0.037541757306665986,0.025566548782973725,0.028891584321323993,-0.03665964985813614
sv,-0.05131703081421695,0.05522637853654449,-0.05593766017622812,0.06579906193862257,-0.05310968163462435,0.05270848751680595,0.061734831812551204,-0.05291299812194236,-0.051740838245016775,0.05561831042040154,0.0383829134070476,-0.05151566758697152
dmrt99B,-0.010089862875813824,0.009468808379305933,-0.013973796109991951,0.015442000141659487,-0.007966003370559986,0.007999711127244995,0.010377826679519853,-0.0077061484461829885,-0.00876092213936627,0.01636085925326831,0.005209533487355287,-0.009300347936681934
usp,-0.0382145806384311,0.047355120272760245,-0.03362025279658257,0.041645744710192695,-0.04477250245442126,0.04638716908197405,0.03390268595862792,-0.045727721330288525,-0.04539679189518788,0.034206803346503147,-0.002722808356754777,-0.04276031067876958
Kr,-0.08747957430842254,0.09587318181349182,-0.0628208156041165,0.07644600841795356,-0.08954874597566553,0.07783675133215334,0.0712899129598283,-0.09135036594985584,-0.08749609825772854,0.09839492677317642,0.0047421185303632395,-0.09220014417958429
vis,-0.1513961114301904,0.1273520697988044,-0.14929226979025678,0.1367175529131204,-0.13417782079717666,0.11649608413314838,0.1508628180279601,-0.12894471872705612,-0.1119165120959212,0.15235567328401475,0.07088653525854095,-0.12257136614475507
Vsx2,-0.04237101612772414,0.04584854771814584,-0.05217190291657064,0.051789393047921566,-0.04451239470833449,0.044502314377754607,0.047372864495033216,-0.04231081259031714,-0.04665566139788755,0.030521723545137523,0.028172491993349237,-0.04466527556008309
Lim3,-0.04168890039671331,0.041204865920638024,-0.051743168979688385,0.05334235158186528,-0.03980758198021024,0.03830075663549101,0.03493515127569304,-0.04226910521710648,-0.04209178179737495,0.038527542648830904,0.031044467799304136,-0.04095248413983953
sd,-0.1097863377968534,0.12024370179201578,-0.08742892849869371,0.13902317943058548,-0.13346393657939437,0.11197420162191907,0.07482280179437618,-0.12410884801864147,-0.10549320389621074,0.11511736096294486,0.07566575513354351,-0.10351389738806763
vnd,-0.011949953644731353,0.013958187718038858,-0.009623139752745773,0.02068700085712964,-0.01412478749801592,0.012547691591620749,0.012996893956869171,-0.014375329889359308,-0.013871113856949342,0.016473998888659743,-0.003566276702906185,-0.013911100494679893
hkb,-0.06445870839928901,0.058867794026455825,-0.08750895391883724,0.046834206319199184,-0.05168365963214104,0.06337405262086607,0.07575810476759064,-0.05781738577727247,-0.06030704401330028,0.05734687223619776,0.06808415519885345,-0.05690528421981477
slp1,-0.09242096692652356,0.0944458227379364,-0.09402997561408065,0.04638019909630817,-0.09461873134977532,0.11557632397677164,0.05244372029092615,-0.09934591294028425,-0.12369517276773637,0.039171163838921746,0.09944371839049282,-0.10356770343650613
Trl,-0.05245047806654963,0.055052103102298924,-0.047633310119328254,0.06687888333237989,-0.0497001717411991,0.05258170850800163,0.0546305042332142,-0.05599539479927367,-0.055973853831092796,0.06352587298670123,0.053948801070763164,-0.05658764454772252
z,-0.0475135948502052,0.045553557579766674,-0.05436849019834624,0.03847050853719725,-0.04290259729964754,0.04709197677268307,0.04701252146550228,-0.048059734577173524,-0.048337946347994244,0.04104365917867509,0.051734597986895406,-0.04999734819312272
CTCF,-0.09378667035991821,0.09910951052912222,-0.08419498898900994,0.11259043943737275,-0.10290337524601395,0.0963858323944955,0.09896323183619558,-0.09908166885701161,-0.10042751367851954,0.09299046394965982,0.030688022068656316,-0.09526118414486129
E5,-0.060653296099070116,0.06072691213834643,-0.07331013802271415,0.06628623535480702,-0.05931642769962828,0.060371283611541475,0.05512872437404818,-0.0615767031558354,-0.06341848827112118,0.07467361128845705,0.05273931768419053,-0.06342678260015022
Gsc,-0.06980699894142421,0.06392495047957078,-0.09441697775047384,0.04377072111424453,-0.04483483211361593,0.07311252693021422,0.10150504186734113,-0.04537826503212594,-0.06563727256336863,0.06012810070529722,0.15378822168734224,-0.06577465946163985
Lim1,-0.1692686433764649,0.18813747839676886,-0.1918758782612692,0.28100033500160854,-0.20620675874083272,0.1513755230844533,0.12375945607631601,-0.19820432513121156,-0.1638381702681785,0.15527625597005923,-0.04950665884441315,-0.17297743403165017
Ets21C,-0.1357683009822168,0.10841909731842224,-0.16307307489516867,0.10390553332671532,-0.10086079536034344,0.11982077259026327,0.12140637472512664,-0.09695923111202989,-0.10982911235117292,0.14263975739976822,0.12934704944285066,-0.11054717264732535
gcm2,-0.10430686809624183,0.07851074491345168,-0.18126517015089874,0.08204518000970289,-0.0353241233500994,0.1000834256562141,0.16937449918991762,-0.05343856747405545,-0.09776531794321595,0.16148105671151225,0.30092940490508363,-0.08603102613708481
cad,-0.04983704139016187,0.04320076851932022,-0.05297258001674545,0.05679780359295877,-0.04023342817225981,0.04303800277065495,0.05430704971689013,-0.0399221270785413,-0.0439946072673217,0.05407861853936285,0.03699844839064479,-0.042914898993312474
otp,-0.039000489724101584,0.037626259448436436,-0.05524223012459946,0.050351400699516456,-0.032791155829442864,0.035787141780037654,0.038996285779997426,-0.03109293145288176,-0.03552677586190784,0.0359671131356467,0.020391883961241544,-0.03688419373004755
btd,-0.0724197283749756,0.07124697750408805,-0.07956301643379027,0.06831315375284179,-0.06730818565023114,0.07228875332719749,0.08070641616232997,-0.0686361007607858,-0.07159409594596078,0.08128516860781136,0.08321747689907637,-0.07106558398931266
CG11294,-0.08187421228845433,0.08189480563388357,-0.10935957961844517,0.0414483817774235,-0.06532936079217579,0.0808042114647919,0.10633023520823796,-0.07391061407396496,-0.08217673627206348,0.06300952651202944,0.12098308224816037,-0.08321639605790343
CG11617,-0.05234350513911773,0.0491452817613122,-0.05195143478011951,0.059415211375366275,-0.05161506898158449,0.050375827596603806,0.04497767377506148,-0.05215856874248799,-0.05004721065536253,0.03888004742468739,0.003982710362781804,-0.05099184399764405
CG9876,-0.07592956668759121,0.08201605619754929,-0.06258397103966208,0.08523731937063599,-0.09187968883814064,0.07582920102772826,0.043197435086324065,-0.08313073512570401,-0.07195377199202449,0.05466515916528895,0.03336509510222044,-0.07540022630216196
Vsx1,-0.1039320879141547,0.12271362844442696,-0.10304819286881346,0.06052044558736551,-0.13009260686724242,0.12911504407341606,0.0812420072832883,-0.138219144440655,-0.15165780694007328,0.043483744875172425,0.09238222320162259,-0.12840270204968868
slou,-0.06516968027783243,0.06724058130730215,-0.06553321234992156,0.0620625821523155,-0.06687179716395593,0.06926517802536251,0.07390609477414811,-0.06789009525861368,-0.06683529106604047,0.058908866666075435,0.034363181888645344,-0.06485022955517894
exex,-0.030651295173458337,0.030043310853116387,-0.035328069050082074,0.036736461487813454,-0.027803721910339182,0.030347780192440194,0.02782228653757353,-0.0273740932765287,-0.0302680600329667,0.030109837871819718,0.0233346089195496,-0.028354667585159494
bap,-0.07408648378838927,0.06821863057922682,-0.08578078245038383,0.08201198487124765,-0.05476463861586597,0.07863353926390743,0.09256442550572001,-0.0628910101631815,-0.08222673842712448,0.07867699456202032,0.16692353618474767,-0.07274204287403864
hb,-0.004644561893231925,0.004701585713849034,-0.005511218559674093,0.0065371424555161085,-0.005756624928256158,0.004615974352798468,0.005352785226563225,-0.005225470476038625,-0.005613423926510071,0.006018343549071325,0.005725743390720831,-0.0058102982778031505
Ptx1,-3.2991623477822845e-06,4.0139403111975207e-05,0.00011262156254097167,0.0005033294013617151,-2.513146445756692e-05,-6.551350677797932e-05,2.108031422125058e-05,-1.2239580682512245e-05,-7.013009805410107e-05,0.00032669605718016275,-3.821280565945989e-05,-8.052810056080797e-05
gcm,-0.001866811102872845,0.002381026107468004,-0.0012766195075902865,0.00529127939630613,-0.0008340941993408322,0.0011970358764257466,0.0011627306818725886,-0.0015457774877685037,-0.002191867882528389,0.004809482849617763,-0.003413696709964808,-0.0020771118197033586
pb,-0.05950706735502465,0.05598115549293671,-0.04282424426373624,0.05592646599953779,-0.05355634716885651,0.05939010845120402,0.05165199112209252,-0.05314984751232135,-0.054166981557058395,0.03444297078038673,0.011486356870975859,-0.05357171215332473
su(Hw),-0.06365049816624054,0.05637773783171683,-0.0818954711689232,0.050387826406450203,-0.050752692407770056,0.06437635151716739,0.06147776325458339,-0.047954258988154044,-0.055110825523487554,0.06068639301363418,0.0939853184897904,-0.056738543242244116
hth,-0.00016704925614054232,8.617595854768493e-05,0.00016358872149754586,0.0021383864680565028,-0.0003738649985195849,-0.0002823168207110903,0.0002132368295134425,-0.00018652029661056952,-0.0003218739907447994,0.0010805396238886258,0.001162338981906387,-0.0003008050592808086
fkh,0.00017290248678499836,0.0003526408044803078,0.0014415837602050942,0.0015148889088974573,1.1124072036531283e-05,-2.30245723154868e-05,8.356609370773433e-06,0.00017875418619777754,-0.00016018025263256588,0.0007759241724810832,-0.0021273264527129523,-0.0004361454657710128
exd,-0.05439607039522886,0.04710700401126823,-0.05009124118782499,0.037602749299089744,-0.045732282919359935,0.048751823194629694,0.053175054602394516,-0.047352774063513216,-0.047785014814891245,0.056760683301909316,0.039080943335292974,-0.048705305146448434
mirr,-0.058826941158989565,0.06331376128544107,-0.0773775085682397,0.06110776834807982,-0.061720339907505334,0.06769124256523137,0.06856320891362815,-0.057079622319099126,-0.06195733766719059,0.07159329064160705,0.04804127724383471,-0.06402171787737936
dsx,-0.08024321728967651,0.06677749551801827,-0.11715159613561023,0.04896721675705559,-0.05339990289879178,0.06896165868270392,0.08948731850660324,-0.054486731450215334,-0.06324803472377345,0.07476863061013211,0.14773696265699085,-0.06892345074982772
lab,-0.018766297126550053,0.01835278301657663,-0.015241647244455779,0.01783308343330993,-0.020889123691690104,0.01879671264032146,0.016161010318161907,-0.01909399333263378,-0.018939258305685994,0.018194239472425423,0.009162214688920632,-0.019866903728124743
Hnf4,-0.06502649352171026,0.0768946657476515,-0.055675908551401934,0.08047435984097075,-0.06966086693808311,0.06915428032962606,0.07054554950490517,-0.07040665974013507,-0.06796021285174252,0.061581439299313846,0.04667451888047567,-0.06846821935412875
GATAd,-0.2465662792509211,0.2717196713971781,-0.22701008957541433,0.3115920827057318,-0.3022110798076759,0.27695855005690123,0.32618321260502686,-0.2834273721797035,-0.2817715439866108,0.270483972713695,0.216709391985232,-0.26806867433549614
PHDP,-0.0006242372691706683,0.002528409843169924,-8.049115937297096e-05,0.00666967692715518,-0.0014069934109754761,0.001842902363114971,0.002723327865797808,-0.0010860765526663155,-0.0024880892586069668,0.005405587372507567,-0.0008872414833889837,-0.002921145777587023
oc,-0.09596655857497281,0.08253961805461657,-0.14966669282232858,0.07999143229616278,-0.06779140776923039,0.0830301150443527,0.08100480334382514,-0.06596579022293313,-0.07513482852145506,0.09516152538978565,0.18123580548028367,-0.08139403952250363
Dref,-0.1342273366614227,0.11884406015282126,-0.059177223834076025,-0.055493820392625376,-0.15453582143409683,0.14698827241025336,0.08349139252961103,-0.16404353726427068,-0.1425133296496672,0.12269678303558791,0.04503558909825581,-0.14510432751076474
Cf2,-0.029240827887306784,0.02627168041497896,-0.037321247389790604,0.018557898226597504,-0.023713782574836407,0.030583234632193878,0.02952881477892836,-0.0254680097216995,-0.030554729856797087,0.022323054900415397,0.04273909250781534,-0.03136084886724765
B-H1,-0.07141065182398576,0.0674565061070264,-0.07254717052802014,0.08613323478406795,-0.06885289438055282,0.06625541036229617,0.06243822592973591,-0.06825027352266419,-0.06669017492823297,0.07431589605616011,0.01982250909385071,-0.064053623343622
Bgb,-0.05373647569048929,0.0532939599331427,-0.06095945188074587,0.05816654139911015,-0.054863325650489625,0.05432663690356475,0.05873697869275211,-0.05361049522828757,-0.05873315470526437,0.04481490041519836,0.03800366058193523,-0.05782384181297024
cnc,-0.07334587251957682,0.07486849769976786,-0.06817557115144757,0.055081062208841194,-0.06695313541821207,0.07547389599486534,0.08378243464106362,-0.07180593621078618,-0.07004222132337787,0.08537178599294001,0.08572022831143963,-0.07475935757622529
odd,-0.003976129786361446,0.004461864939663241,-0.003267677868413314,0.005367172112302703,-0.003905435684052654,0.003487703934733308,0.004301752756367754,-0.0036934286390306495,-0.004115349013684248,0.0072711845024994205,0.001808313196882495,-0.004607781648451182
lbl,-0.06911642898260663,0.06633715646252289,-0.05659744664003214,0.018167840618681423,-0.07571018207433838,0.07523354715774558,0.05149040595100753,-0.08966654822573508,-0.0749458005034376,0.053733315968503254,0.03914629627856252,-0.07244132066833192
so,-0.07496490140664952,0.07590922052958535,-0.07982752848550205,0.07311766253598313,-0.07854297284712933,0.08214611190755314,0.0660498657343665,-0.07726517831360734,-0.07397759413855542,0.056047172165726335,0.04080599682265275,-0.07357548249024781
ap,-0.02507978567572912,0.02738292420913525,-0.028532475363775987,0.04566086953812873,-0.02391227865172694,0.027002332625277133,0.03277181184451386,-0.025109424746439818,-0.027647277491391096,0.029060425384374724,0.02072054906990798,-0.026587001286698664
twi,-0.18991265023777343,0.14382366835710123,-0.15366870136133923,0.04519849997766629,-0.16195796449380304,0.1806608869982595,0.1568157941367624,-0.15972772466851612,-0.16304271456896743,0.16342851463626631,0.16091487992397951,-0.17602469721442449
onecut,-0.1345585857934251,0.14980561296006562,-0.08625534841522332,0.1119786395447607,-0.13063777722936504,0.1468679894830114,0.1503756220342525,-0.12730853540838644,-0.12742361043256417,0.19469127295234115,0.10343304589062016,-0.13368302681630942
Ubx,-0.11645558061051914,0.1063776587419529,-0.10930194658114568,0.10289700136947824,-0.11065877050960539,0.10062250809040169,0.10142550334128253,-0.10799582245608674,-0.10738692151291332,0.10470567333540785,0.09948517803783404,-0.10063940194502831
Pdp1,-0.009104799222680284,0.008172437359529232,-0.009877743936701076,0.010498297505447961,-0.007575649955559086,0.008245149169774852,0.008400374083184753,-0.007471732791103271,-0.008040790921800921,0.008757416957134554,0.007736938562158135,-0.008124518696996617
H2.0,-0.060787530249658175,0.05746375312941894,-0.07182337985708802,0.06353045468953888,-0.054495126886843735,0.05529852632991747,0.06438793840412817,-0.05260759121415354,-0.05214067317805134,0.06538186025672602,0.046428756498699916,-0.05556143375602877
ftz,-0.00711906804812766,0.007882058053588435,-0.008563293454796478,0.011573891134517733,-0.007921128656053326,0.0060932596313392744,0.004591125781997125,-0.007173798996619782,-0.006495541949201865,0.007456903589484769,0.00377162873802201,-0.00679822381190654
ct,-0.04638514194480107,0.04124343754783296,-0.048863440062883685,0.03807262909046242,-0.04327419726978832,0.04093618638831332,0.040367448300393745,-0.04124972537822356,-0.040769469162017374,0.04581714752102123,0.03687363126069509,-0.04000684955816961
kn,-0.04040769200399526,0.04033699983339716,-0.03143280803967434,0.05258798529500991,-0.04280262768705417,0.03967865829896641,0.024022002512204422,-0.04241803694010996,-0.03999939912821216,0.030764533433707185,0.009661858830794224,-0.04298405998782182
bsh,-0.011222884614476942,0.011480516023878368,-0.01036426016579046,0.013976850570555926,-0.01043669808752665,0.010782445679798547,0.008875384091766376,-0.011682112800567315,-0.01138118721489383,0.017489174698913666,0.005955876306149127,-0.01174816669219673
Optix,-0.05757306427944817,0.051106980475131736,-0.07503628862418417,0.07204540046348946,-0.05204186432901831,0.05276823678012996,0.06366985523107288,-0.048986380643801966,-0.05540860160128536,0.05416870782136159,0.042538280798474465,-0.05380839821955139
al,-0.06369060784867331,0.06618896367719215,-0.06397562850696499,0.07051772562391936,-0.05825800897963447,0.05477002280604377,0.06451683762784538,-0.05559831383391021,-0.054080773663416126,0.0787535943634827,0.023474842413366278,-0.05313859197263382
Dll,-0.08526800272115131,0.09546750002362162,-0.050765917709763575,0.04472604152774914,-0.09002137424420337,0.08632706909992621,0.06794618518542636,-0.09232998153940801,-0.09071339926293524,0.09419261633221343,-0.08104744706811862,-0.09059140248922178
pnr,-0.0785880779447783,0.06722070806000494,-0.05217536910667614,0.08286326982821186,-0.056911907870902674,0.074859724806638,0.08688381986553502,-0.06155041322034976,-0.07113794252301606,0.05529162638179869,0.0005389940348622812,-0.07307820940683205
repo,-0.07022778615324769,0.07409172134319611,-0.08776809852545271,0.06307501377014488,-0.07066271024064472,0.07179927340638849,0.07979937427129444,-0.0693661610327407,-0.06833352985573941,0.0530415584201028,0.06051840461580093,-0.06739011005736636
gt,-0.06481389431350312,0.07435933182404161,-0.060343049225035736,0.09445052873685272,-0.07637497601062314,0.07384197902319513,0.06136488032994205,-0.07363069742920135,-0.07186547818309723,0.045576812773275154,0.054518986574721366,-0.07234567099452878
Mad,-0.14877960427784243,0.16761099856715553,-0.12205954131430687,0.14382788635873428,-0.14727640127404415,0.17380644307021254,0.21042632469802736,-0.14609697214438416,-0.16718028549798128,0.23891999795939284,0.1390072724770876,-0.17396121721066474
CG34031,-0.0012972022111800087,0.0012421476398246345,0.0028260063174785164,0.006213424757939861,-0.0010054283021303178,0.0006794116914079391,-0.0013945861552488888,-0.0003071174608472714,-0.00021935241240078756,0.002607757902010247,0.0005079949538046509,-0.0010974573078194974
Hsf,-0.09695920024698666,0.09274362313121307,-0.12764044474346903,0.08497499029608914,-0.08538031073944631,0.09787912210428748,0.11453589320474143,-0.08376545851241056,-0.0884263870448726,0.11887680506087635,0.08368807985554601,-0.09334714277968287
msl-1,-0.05197309463282193,0.06965173594739385,-0.04571065191053011,0.05922868668278198,-0.06624880151477675,0.06306034876655499,0.054481248080902864,-0.06533162454832984,-0.0570700743806255,0.0692481919645173,-0.017593240525634563,-0.06192062782636716
Su(H),-0.012070537011643677,0.00934499163850804,-0.013166109463175918,0.008918794128934987,-0.010297992817773653,0.00938187060918463,0.00920526487929114,-0.00932367940936156,-0.009714052056510459,0.011015266454774264,0.009263582964857051,-0.010207864441866436
lms,-0.03703069740083575,0.029000913388568965,-0.027090544938432878,0.03087633782459209,-0.03447591717304556,0.030055437589909032,0.025392447262800568,-0.0332575018392633,-0.03532989843335841,0.028770587936825503,0.014548936416336804,-0.033318737013128666
HGTX,-0.025025132756448448,0.03032797599961889,-0.02614870805777837,0.019061148039913184,-0.028077214595858387,0.032000959302521205,0.0315870589026754,-0.028237513029487044,-0.02951277759859964,0.033437563918196266,0.03699639428236407,-0.0311623725966332
bcd,-0.19471828166561894,0.1834464288434968,-0.23269481459835256,0.2912327452068941,-0.17785779585302555,0.19893953975753415,0.10108190006522495,-0.18115315738687232,-0.20436631867175747,0.07917620172908901,0.12279920939634001,-0.19305004654461347
ovo,-0.051587062809798995,0.05888748017232225,-0.0738694024834027,0.04955214540619883,-0.046704252870244656,0.05846815803362399,0.056261103402642974,-0.04856658103903358,-0.058385803275353546,0.07608633329495107,0.09899389131701866,-0.05549838824232617
CG4328,-0.03744538242680974,0.034362360005820596,-0.04106779926618365,0.031602604831918235,-0.0316994280958152,0.03383395643578057,0.03873700707544802,-0.02986936647051209,-0.03352582570362624,0.043751447009134754,0.04244553406621387,-0.031179168110814958
Tbp,-0.049024119146223274,0.042414851045063484,-0.0693041191326016,0.0442456965122596,-0.04081391614321572,0.043474901019845774,0.0565401591025059,-0.0428437234650113,-0.04261461590533148,0.061658952938780175,0.04792326043942232,-0.042677363318395604
Dbx,-0.10488016029179395,0.10768932587334906,-0.11297659886466152,0.09776668848548427,-0.0825959299119369,0.10887789394524033,0.10270560331195128,-0.08786401258091699,-0.10637928904354636,0.12407251802201387,0.13531570016525005,-0.0978733479743976
en,-0.05944703564841335,0.07594113323141292,-0.05364304975930848,0.07643990393098603,-0.06761596591662182,0.07204969811516909,0.06977422157594498,-0.06624006885919136,-0.07512739623815286,0.07187645655158668,0.07420785567328961,-0.07264337046027938
sna,-0.19619915329993257,0.20257265213935005,-0.14567753258176966,0.1818892490563094,-0.205949177115961,0.1634240099354641,0.15854189446891245,-0.21227141206564573,-0.18498688110139064,0.13501387086779598,-0.11658734778455171,-0.20085511814104645
Six4,-0.006061861639047396,0.006964971688725024,-0.007717876949964127,0.006572441136794361,-0.008544712125500203,0.007145036075491325,0.005838123884421013,-0.007664488859913658,-0.007466373852858918,0.003808437526971836,0.00012502655627873128,-0.007014387539495838
C15,-0.044280864337750206,0.05335026837027115,-0.04883236583318163,0.029506292942540924,-0.05086229533115084,0.0561983364638049,0.03896380513092566,-0.04591342805284801,-0.0550812274377386,0.04797864437764086,0.09748866801789925,-0.04817116259853001
vvl,-0.09711949458377543,0.07173933104188218,-0.16385547059908115,0.03422670859950314,-0.0499869436372612,0.10367593251129023,0.09519372864525717,-0.05715881601337581,-0.09420134168820263,0.10021241848191542,0.23216451225669063,-0.0933553028808633
ind,-0.0914343311393166,0.10257291757725605,-0.06379736391541647,0.14033537175913224,-0.10560099804065155,0.08890362584066971,0.10222306840689904,-0.12141747045380454,-0.11857949899884936,0.09497246308419996,-0.029348921211529273,-0.11978951428953082
EcR,-0.06794451189513426,0.07278181272396222,-0.06419084867059331,0.051567651208825616,-0.06092129555550314,0.06896595171154106,0.057327746548789686,-0.06620782021438944,-0.07090037498451118,0.060419040817337615,0.07141156351432994,-0.06569920111986405
abd-A,-0.10446115984082353,0.10089626893312834,-0.09562984908262505,0.08316283002837828,-0.11276669863321886,0.11005882640220244,0.09849608201104555,-0.11109655649212662,-0.10330902611524058,0.13452019394853265,0.052108521722079956,-0.10623708682571835
M1BP,-0.009964608337413135,0.008199440109948572,-0.011004602710473115,0.0055491645121147765,-0.007114400822634467,0.008693916314405626,0.008979043772396446,-0.007353215458948035,-0.007474907552335494,0.01321316079629796,0.01256010198874884,-0.008333913226028718
D,-0.008873565127084709,0.006856357888764427,-0.010339080672332399,0.01692156958429978,-0.007210634684761825,0.006294614679173605,0.006125221429064605,-0.0070595754065703115,-0.007337905926596046,0.005191435314708487,0.002738602198704585,-0.0072708414384862
inv,-0.02837137615237243,0.026562809464039612,-0.03421097369324367,0.025703200232050402,-0.0238824215124642,0.029205220782942787,0.02921057364229089,-0.023433900605621328,-0.027686466051504,0.03733593296766977,0.04062806477897645,-0.027304260794123465
br,-0.09264134151613368,0.0828960094272114,-0.08026914350676805,0.06523006208383175,-0.07617893148329874,0.08311104194635827,0.07773415966582758,-0.07968223387285064,-0.08015415081139447,0.07342209015351839,0.05335169640505391,-0.07494112558983318
ttk,-0.06475534912246199,0.055406382502618874,-0.08177267718749343,0.062469173196891575,-0.05140956169837138,0.05614820995256886,0.07003777478937982,-0.04921658359009091,-0.05592313096761552,0.06971331840185074,0.09724395045867881,-0.05987496432764128
Hmx,-0.07364426033542548,0.06244436451965019,-0.07452090566669321,0.06599914731608968,-0.06035493070224419,0.06023713568732641,0.06875341930110253,-0.06079436924721244,-0.05951092180152827,0.08226485534396118,0.054084563388865955,-0.06060888416609889
lbe,-0.1012335408132304,0.09684413918651595,-0.09468836321026701,0.12140197410998282,-0.09925274115816914,0.09024914719225825,0.09506770731059863,-0.0945393847640512,-0.08765236305755703,0.06543261981860249,0.0090929921895358,-0.08873433146632076
Awh,-0.04248340562739585,0.03811680121019348,-0.04052034456212134,0.030564807482974715,-0.037665835868037484,0.03873412929969798,0.04193624339700331,-0.03870666286302137,-0.039110592003827216,0.03638992156167444,0.038020269311783636,-0.03983753960916886
Clamp,-0.1327507017672969,0.11829834001230298,-0.13282243662276164,0.1420484060918611,-0.13730015916184576,0.11357655757486344,0.09601635093238146,-0.1278669609577855,-0.12501099397898965,0.11518304351678306,-0.044452760060302875,-0.13173612875980772
Eip74EF,-0.10951567735091017,0.10137765821045513,-0.0947704865748157,0.04822794772484129,-0.10417391608281697,0.11546757836866264,0.11478221741737739,-0.09733574071223426,-0.10178696484191675,0.13636655737081785,0.12834915535735616,-0.10811344979142055
ems,-0.005300168194384021,0.005489852708497595,-0.005814218365453508,0.0053020963550312475,-0.006004223101286709,0.005805716541180359,0.0070418158006898416,-0.005738848408485974,-0.005511163728896662,0.004879040839154657,0.0053913863165042635,-0.005710251156147284
Scr,-0.025723540002370197,0.022573539610359395,-0.034443082419395456,0.02500549544169215,-0.019792829410283,0.020522106450597873,0.02671328751806457,-0.017497966254650388,-0.017699171268462613,0.030839980183997882,0.01966365489948221,-0.02018945365607394
prd,-0.07379057871169938,0.08010825418608097,-0.0725844058466334,0.09920831515156318,-0.07880415755415512,0.06701769346180066,0.06633093502038173,-0.07759122007503673,-0.07708219785403102,0.05064438006145431,0.04840137954143196,-0.07854451825005829
ro,-0.0021872415096911525,0.0021533410569605734,-0.0027399802519109642,0.0016159243989054672,-0.0020143950376141947,0.002765430918131946,0.002219625572484503,-0.0021680820597561553,-0.0024707330304456865,0.002318831195753132,0.0038383112902033723,-0.0024185519578896193
dve,1.4230188552506874e-07,3.606811758099767e-07,-1.8073616757986714e-06,2.0427480084074114e-06,-6.240337966005046e-07,4.08746664149504e-07,-1.8284720646615296e-06,-7.12232881787821e-07,-3.9856258309191116e-07,5.497360616899911e-07,4.71496847341794e-06,-1.002782901280515e-06
Deaf1,-1.2814079279568626e-05,1.6008128039276929e-06,4.99329094289269e-06,-2.439173710242671e-05,-1.2705584077448785e-08,1.0918165351652424e-05,3.178203642947347e-05,-1.2682469101203241e-06,-2.1360272268423614e-06,0.0,-7.719140488980898e-05,1.2404763315811095e-05
NK7.1,-0.04481914108597708,0.04190459833791572,-0.057842064915667436,0.04547784580741343,-0.0379243119121032,0.045227387592067875,0.04904222608890987,-0.03848684437330267,-0.04359425464923109,0.04544542907491829,0.053666733227863084,-0.041000690632376116
hbn,-0.12497633680935501,0.1320784502917284,-0.05371562317494578,0.047535743469145866,-0.12840957549662121,0.13329155810571194,0.15903891523200273,-0.13344741910544505,-0.11988887628819353,0.13757995693982508,0.012288031665174691,-0.12823276549841314
Rx,-0.05856437272151737,0.06227855395032763,-0.05447752740131923,0.05685524242874805,-0.060564967534707616,0.06813379257189216,0.05647860930570041,-0.06746126886241659,-0.07285759820875026,0.07488507222124989,0.045456399265860155,-0.06537844055223142
Antp,-0.05909925162126034,0.052126901083459326,-0.06216689886583736,0.058500590823513644,-0.05489571428466841,0.055077204383247806,0.055905567992602746,-0.05411087840719728,-0.05692003844634024,0.055887964784499575,0.03680282068104927,-0.05485589466230519
Elba2,-0.06406917814073011,0.05147469616984435,-0.08279115918251492,0.05897790597739213,-0.0460460033446412,0.056941641093551494,0.07003553444616675,-0.04416005218636483,-0.050276469354374874,0.059626316793497246,0.07979563896536859,-0.055582427093142456
kni,-0.09304907874629795,0.08528584107613174,-0.08876837986035857,0.09311444159128592,-0.08265056549688254,0.08776387656393943,0.0806372398499417,-0.07773861257999032,-0.07789890514044413,0.08753141663881445,0.07541061722473266,-0.08012087645576957
achi,-0.11169212211821872,0.11254369468479651,-0.14158920023526442,0.12525992776988418,-0.08555573596455052,0.10646797396678458,0.11471718816399795,-0.08820711410080545,-0.10887024609920619,0.1351069195593065,0.19000593235028726,-0.1124070058686604
dl,-0.05304982811173651,0.06062777687350899,-0.04340492215155833,0.04418806894564279,-0.04872592709286338,0.06348234612702086,0.04696375074950926,-0.05451527790566166,-0.06299501955214791,0.05809484880753112,0.026549816060307655,-0.05797946586571521
CG32532,-0.09275784145162719,0.09362274490336292,-0.10516767357269462,0.05662773497826516,-0.0846479397459129,0.10534609580948216,0.0940663787537567,-0.08223308480348165,-0.10527066372059803,0.08680714117016716,0.17100573313453474,-0.10135001203764446
tin,-0.029436153221326814,0.025712265999081146,-0.03629005029057273,0.029162944348628855,-0.025350005669192332,0.026643159897049545,0.025399219318221835,-0.027747038713150592,-0.0272318243723401,0.029117266107691508,0.020380371437905956,-0.027792612366379275
