,Female_RP0457,Male_RP0231,Male_RP0609,Female_RP0231,Male_RP0446,Male_RP0457,Male_RP0897,Female_RP0897,Male_RP0883,Female_RP0446,Female_RP0883,Female_RP0609
Dr,-0.06219732114460969,-0.07189612800728942,0.07616100983532079,0.07052156474197634,0.10292953161566046,-0.07912728337370052,0.07046699736339557,0.07094170037224769,0.0657507883062945,-0.1089212274567838,0.07074405310635092,-0.026717603359362237
Abd-B,-0.03604399026132158,-0.033119337855889636,0.021009918907529356,0.02906085948856023,0.047503847192210125,-0.020620672058242705,0.034602782631717365,0.031202129433336317,0.03408798078360871,-0.02037685561187548,0.030630504606844553,0.03885495021630149
unc-4,-0.09431640408217971,-0.09184857249892334,0.0607711315944598,0.08109316959701825,0.06284111269006817,-0.07546596186746787,0.08935667097073359,0.08653418471155604,0.08782184334423095,-0.05549205412042549,0.08248987283146983,0.0989881506648354
unpg,-0.1082461362359916,-0.11776183344237577,0.11682589680326846,0.11578502317932399,0.08696974939199277,-0.12710472212806592,0.11281498229123917,0.11587234613985281,0.11088443455057505,-0.12881122259720298,0.1138688280431653,-0.0850875353867639
pan,-0.1266794682165423,-0.14507139368474647,0.06466528272783807,0.09742982516574497,0.2351334746774864,-0.058528464191651156,0.12368971463398086,0.11139538045853295,0.12987224727676105,-0.06053370444142889,0.11076111073583621,0.04290569270502445
Dfd,-0.10092042114474198,-0.09655887932086488,0.04926419169880218,0.07452613473482293,0.1088760552580087,-0.057162781802493755,0.09217006025481815,0.0874824486585444,0.09049490378867443,-0.041826302970452166,0.07986469157844836,0.10161731418543007
tup,-0.08869962381675064,-0.0912349883963525,0.07863795527079546,0.08626181454053286,0.06190761502246868,-0.0691885253013364,0.0933384957012177,0.094278919851314,0.0935169903641783,-0.06689552523787333,0.0883045731513489,0.025344451233267812
CG11085,-0.06682959963969369,-0.06886914303419643,0.054808090760732446,0.061544323450977344,0.06953862533368163,-0.05427211640031519,0.06640415729517968,0.0657848372044296,0.06728626448612365,-0.051871762478107805,0.0630239999400857,0.04402364686179029
Pph13,-0.060373321436025265,-0.058959048744551566,0.0637202740572042,0.06476954107685728,0.06276777017310642,-0.06174707044249343,0.06814144137123106,0.06425262320797201,0.06440348539412193,-0.05622445685834089,0.06530007634566459,0.03803620841848446
eve,-0.20820780185613877,-0.22987205018858844,0.2952547627375812,0.24946124439907913,0.22360681463869506,-0.3244572776887231,0.2190513855977999,0.22583597223725468,0.20983392349908644,-0.326689557241693,0.24362497379846437,-0.2238252731894879
BEAF-32,-0.10001950837225086,-0.10159171835265177,0.09197786495415089,0.09443211807660597,0.0925341482120031,-0.08897846407577946,0.10298184055846314,0.0966844362024323,0.09884426680519492,-0.0981612349340095,0.09742497451399322,0.011932662127491623
brk,-0.1789710054795273,-0.16252815443323998,0.1788358980839815,0.18207857559423615,0.1319149815419799,-0.21677002080297902,0.1547006466839639,0.1739011251644353,0.15991808296646562,-0.21829832578828404,0.17239550216662716,0.10817582916683595
OdsH,-0.10960778594123008,-0.10996731558252033,0.09251165768242274,0.10630117864742707,0.08880217789732131,-0.09701207320024455,0.10632322467694214,0.10695886550248145,0.11115098541760365,-0.08066096569586487,0.10692573281890386,0.027501021304270297
nub,-0.1081123599145748,-0.10222119362507873,0.09763249905082218,0.09790289147548985,0.14140475121621893,-0.09356109376923179,0.10765873122091973,0.10523437750463145,0.1040696856824703,-0.0824642382188955,0.1044585282244686,0.004867574689298899
H,-0.04428889203248877,-0.0370291978422218,0.029638961689642033,0.03772935565316692,0.01967996172269238,-0.03736394364927494,0.04433390868110024,0.04033428202158339,0.03960076519430934,-0.03174785435885743,0.03819490172502678,0.06075058247302412
slbo,-0.06519276407845587,-0.07520340675595706,0.08636404885270486,0.0810705297759704,0.04311698445443516,-0.07808299774141168,0.07157973033051669,0.07192775759550811,0.07102950923874156,-0.08859668968996412,0.07599182960834475,-0.13370017598513378
Lmx1a,-0.07094213957844137,-0.0657413179196416,0.052722728114018326,0.06360327146243563,0.08833517286778823,-0.05246624937050293,0.07427402438621447,0.07408486669595793,0.06961613234669083,-0.04531756963033067,0.06566322765988954,0.09745999729088038
zld,-0.09290423564753679,-0.08717005859870477,0.08673755771601292,0.09062355093178097,0.0715027307215045,-0.0797410298190461,0.0905118173077216,0.09039242081613207,0.08943708940015796,-0.0722373167582602,0.08781175150010191,-0.0026045871833258872
ara,-0.06089576519881951,-0.05353629381876268,0.05370427569002187,0.06485322338153264,0.038770413044712154,-0.06174335059922056,0.05909675342721666,0.0644611967457238,0.05529730095578373,-0.053038609713285556,0.05588045035791637,-0.026025532898355224
Stat92E,-0.077073302518423,-0.07706645656668532,0.08161199352222877,0.07743072855265214,0.051609203956795024,-0.0744221643122567,0.07550641571310829,0.07445477210942679,0.07926733813642901,-0.08265613465689695,0.0781560914153983,-0.05050379725758623
B-H2,-0.003563208593564498,-0.002225540269185895,0.0027732221005303077,0.0027182998733739894,-0.002132545812638113,-0.004100230205428344,0.003384693873874285,0.002533515905816366,0.0026333724265491442,-0.0031307418343029707,0.0028305889426056704,-0.0002708443121717379
HHEX,-0.04167010748158952,-0.036660142663844326,0.020175057177603962,0.032531541902921714,0.02446973562915122,-0.036329510385631994,0.03572500419965298,0.03944371601127522,0.03619647699120395,-0.03155032558739855,0.03158822036348456,0.06785796761567624
grh,-0.12147996382705417,-0.11945396778088065,0.0997321201109809,0.11498264296062005,0.037601299267828396,-0.13407673836522074,0.11577832681957462,0.13191173754225657,0.10912610323814918,-0.12090473535066969,0.10470399042216581,0.07101046342927199
schlank,-0.03387078337466842,-0.03428920984475489,0.02316030689059379,0.030217910623525985,0.02502378978143386,-0.028802441346558526,0.03365680844771455,0.031573275493640626,0.033536120585056006,-0.01880513238423233,0.030600992273720987,0.0006700433749869098
caup,-0.17155683039397304,-0.19316312402101118,0.21336091139785848,0.19836066500626898,0.0310269102730627,-0.21224438649641517,0.18166432917849443,0.18605969055442978,0.17647152881839148,-0.21338800960688217,0.19174156001538845,-0.2565486857770881
opa,-0.009255756978547178,-0.004627334405503952,0.006522935530807856,0.006813114322357538,-0.011488737512687183,-0.008710562259870679,0.007078831121215912,0.005085930611992049,0.005475441202924223,-0.008360198649955684,0.006431775013054554,-0.030329789266203305
CG18599,-0.040121331894435584,-0.04144337911196038,0.03401936893618189,0.040074028461933926,0.052613443449133775,-0.03454621018576659,0.040927675065539744,0.03950909146299396,0.04018009250248787,-0.03385172911989552,0.03854871992905596,-0.0226070548191287
pho,-0.040082104957116456,-0.043811958511874576,0.03753827880337758,0.03687587328144559,0.045204507794107146,-0.03268825598645933,0.038035952533197755,0.03691209765487111,0.04277392570444602,-0.03601000360198241,0.03972187053158455,-0.02675673392587026
sv,-0.05147397768256607,-0.050444627385277885,0.052493653436472165,0.055349830693876674,0.04763605891543492,-0.05109313851472427,0.05699389686326959,0.05481802675987936,0.05539718680503014,-0.04894470717353441,0.05460016021353725,-0.02607706505263112
dmrt99B,-0.010651121871406707,-0.00864023257137857,0.007555296949366172,0.009358866177483974,0.0033945801966770413,-0.009153664845136817,0.009977097721210972,0.009228285058792588,0.009274087958461878,-0.007542397450189027,0.009103328525152615,0.017217456964028988
usp,-0.04854008765218733,-0.04613995321889898,0.04595786235577479,0.046247551928448226,0.04649525592548104,-0.04883445609427495,0.04251725898724191,0.046554810427823855,0.04063887510440012,-0.053393841754292744,0.04380556936964421,-0.025623537024695574
Kr,-0.09157635460029542,-0.07744783057956368,0.09236463453722261,0.08633058269121618,0.08354678937666665,-0.09958747148333459,0.08372986512245381,0.08081271475140502,0.08109165813735429,-0.10513368669682029,0.0840663940000352,-0.022147684589650718
vis,-0.12585977822283537,-0.10737221842591337,0.10956553721293119,0.12550853567610076,-0.0040015579065627955,-0.10573756390807189,0.11647716269693209,0.1216137505320817,0.10891663120534527,-0.09107311191747207,0.11146326599570411,0.11438974899095816
Vsx2,-0.04268602320277165,-0.04739278965860409,0.04526274255675168,0.044952905291775876,0.04551116114314597,-0.04455439417316706,0.0444691344466762,0.04669934204182553,0.049879285386064,-0.045817576693425864,0.048251557758221854,-0.01615015502830829
Lim3,-0.04473145465161033,-0.03778808012775473,0.04009017767791697,0.04118693361035441,0.020641057445215483,-0.04225576680347177,0.04474488325003725,0.04435632112925113,0.04136320377244369,-0.04185573228367747,0.04253103138873502,0.03119928874068846
sd,-0.10935853259503008,-0.10067683260894311,0.10723433232547279,0.11102293449839579,-0.02708013869172547,-0.10929204719418702,0.1017590870477476,0.11087176672794645,0.09534113130129722,-0.10227960534853685,0.10535304800799589,0.029847178024323188
vnd,-0.01307835088441088,-0.01315066176436283,0.015354987884322675,0.01487630080451685,0.01864833495268621,-0.016664522066061255,0.013158959787242528,0.012996667208062413,0.01356690763285525,-0.016713164475477747,0.014293196839327083,-0.01623245433768341
hkb,-0.07001874455050085,-0.06250324745251179,0.047532840030007135,0.061904773410204755,-0.008878845080781524,-0.05973807801039862,0.06122881983869269,0.06730153204038458,0.06278893172801095,-0.055519311132869655,0.05724158956148787,0.11019273201623718
slp1,-0.10307917360505532,-0.1222973033841341,0.12000032795609762,0.10345301283576115,0.17240394739214318,-0.09501532532213992,0.11222819891807746,0.11540133839402275,0.1245753565641402,-0.11196610203438132,0.11676806237336068,-0.2125383096323804
Trl,-0.058400295470840496,-0.055970207862212115,0.05261367439329081,0.056276110015050146,0.052260430112886364,-0.052120681216978625,0.0549974067704627,0.056240808244578486,0.054868024792910995,-0.04960218502780405,0.054424756788101714,-0.007324921030654732
z,-0.04851321381764969,-0.05079106537268759,0.04915407667120983,0.04717797839279719,0.05465761086375711,-0.048509772494325906,0.0510152075433013,0.04769884547347104,0.05062877502060634,-0.053106892134363065,0.05033035967374805,0.02954198034784368
CTCF,-0.09639578851135434,-0.09416971671576546,0.10202400348550868,0.09862195582879106,0.08850552828544589,-0.09766603593528064,0.09916822056704334,0.09324822147194421,0.09347894281646589,-0.11194997363923448,0.09820338618185837,-0.0542256204455738
E5,-0.06185971612878824,-0.061659783624360885,0.05889789198400085,0.063922473194115,0.058731060549860076,-0.05622323862772287,0.06846470042568936,0.06438050919383426,0.06373245735944827,-0.05818513659988417,0.062049373441190665,0.04765486298066478
Gsc,-0.093701130268534,-0.08675962828988484,0.02805150343306516,0.06267373170166565,-0.0023376006019403834,-0.02955298204930454,0.06979964336958383,0.08201364240049187,0.07017115812041487,-0.03768579460189495,0.05881253724180458,-0.0375035804413559
Lim1,-0.16764011784656588,-0.152058833403668,0.19275954885913427,0.18376473902477694,0.03375020346666165,-0.19973804898668954,0.16401756383969673,0.15744636903007672,0.16229631774759123,-0.20285318743558844,0.1724816749057514,-0.11246812636117345
Ets21C,-0.13014038054525978,-0.1214012150108228,0.10123555848961298,0.11906078929060261,0.13859643296335641,-0.10285870248183042,0.12744273469164782,0.11539409837691683,0.12185264019619417,-0.09618444644637451,0.11721620860558814,0.11563211461034169
gcm2,-0.12215088982610253,-0.12133875512890469,0.04700944500901198,0.09075530313591652,0.19872841456979545,-0.043739393324890595,0.1271659416332735,0.1147614030704345,0.11805931595125244,-0.041663633216309795,0.0986113288838378,0.22535206198938718
cad,-0.04848927261662741,-0.04197448421452358,0.04066518856094735,0.044250270553166486,0.042248234635179606,-0.042246620348758326,0.048109471735342836,0.04490131959907692,0.04710274659467406,-0.034615119194710484,0.04528502789314319,0.01669104243165541
otp,-0.04021385076098374,-0.03764715477220994,0.03126861912477985,0.03631172936984294,0.035483278560383205,-0.033679312678457064,0.040446219126670964,0.03894082211911696,0.037354262804101666,-0.03906879155862994,0.03712435195913169,0.02481304151994503
btd,-0.08024480868896366,-0.07745930304010291,0.06377108866485405,0.07184598038454132,0.05403583422530197,-0.06855994703817765,0.07878631224720134,0.07367637919071177,0.07363320108018354,-0.06473942041669345,0.07089551719683544,0.016149817150579008
CG11294,-0.09607149851087958,-0.0904930317006313,0.055428281806341344,0.07501329786028002,-0.008024344273208752,-0.09263479463125437,0.08423942128617706,0.09589780608960935,0.09157880195999454,-0.08143756014597446,0.07471111136434552,0.17299414031124455
CG11617,-0.05001480839182042,-0.04979058949496587,0.05304105214588634,0.05069725045619293,0.04800252616997696,-0.04791355797472749,0.04920394982617324,0.04890819353941846,0.05127716439237909,-0.054390531767516195,0.05098524235922394,-0.001926565048436118
CG9876,-0.07404761857988701,-0.06659265122371995,0.08311197725077202,0.07588677571171958,0.021909793235829752,-0.07567707261934337,0.06710299530252015,0.06802869765520017,0.0676724057413517,-0.09122691747895996,0.07443774206858011,-0.0896062710809751
Vsx1,-0.11583930700209412,-0.14453284638468977,0.16451615468488215,0.13467565678040988,0.202424499453563,-0.15091778855422686,0.13204487065342208,0.13713646503904994,0.14604808265049746,-0.1471624488451075,0.1423828470302009,-0.17701728934750888
slou,-0.06454032300276258,-0.06730547558475815,0.06377267151485079,0.06652705719483328,0.0337098336886415,-0.06045208564958496,0.06914977617295767,0.06948316904682698,0.06490358003134178,-0.06483690529921599,0.06518909213112083,0.021453320870235743
exex,-0.03359332467312034,-0.032738417558352884,0.024613061684105663,0.0295276674304118,-0.005147439486860485,-0.02532261957332864,0.029776485295292143,0.03032913324264129,0.031062389952964276,-0.028792876898872426,0.029193086022461,-0.03435929987953514
bap,-0.08337425762154997,-0.09599486271884614,0.05711572504638813,0.07484095719812366,0.13053342753443853,-0.05820989958885915,0.08623852123902695,0.0790799802315127,0.08401616417812387,-0.0577560401413481,0.07715246010145427,-0.0022649747829401445
hb,-0.004935567059153006,-0.004757699854797621,0.006195445704307223,0.005372729076530532,0.0063350732604417455,-0.005079212053597107,0.005485127778280878,0.0052207884681639465,0.0054034969350123105,-0.0057728615257885835,0.005766478544600854,-0.006370400253027194
Ptx1,-0.00012331853251177293,1.610711784662184e-05,4.739479035923793e-05,4.5043261449279146e-05,-0.0002609731074379634,-0.0001310663357538339,6.17543332273353e-05,1.0653376666828655e-06,2.8414810252343904e-06,-9.269364888872273e-05,3.366087725696462e-05,-0.0005658180913262428
gcm,-0.002463884654521235,-0.002157614859484285,0.0016581273244016782,0.0018950721996968446,0.004895636721948365,-0.002894540023182994,0.0019169169466604814,0.00220357733697774,0.0013870412871085265,-0.0015694888261221676,0.0016325644258692784,0.0030343533665398
pb,-0.054635998712365755,-0.05628599672367363,0.05386692574110856,0.055554611293804415,0.03953526901145555,-0.04612013382919346,0.054943059846313216,0.05579840405515635,0.053992679409954294,-0.051625769296859594,0.053883496733871945,-0.003248907908038273
su(Hw),-0.0647778497070306,-0.06568671359986922,0.04534822955187246,0.05631847175202543,0.04313834644620096,-0.04804914940864809,0.06169944656755046,0.062426971612536485,0.06162357199037816,-0.040956060441443676,0.05556527980156696,0.008483878838152454
hth,-0.0005917486098917711,0.00018814544436085678,0.00025049597843017466,0.000274509289496549,-0.0018878614461309863,-0.00036892034144674085,0.0002647970532444308,-2.134127246525097e-05,7.644388594529808e-05,-0.0003984706204732138,0.00017127949326437223,-0.004329191544349312
fkh,-0.0005146778155452374,-0.0001316996795418284,0.00013498351305746007,0.00017981017390672762,0.0005548046909914094,-0.0009098656751804658,0.00011858720974378847,3.847084248346318e-05,-7.599664640533179e-05,-0.00030262110362092135,0.00016770768647361367,0.003601591347471337
exd,-0.049038083042484346,-0.04816837844242232,0.04889641110142199,0.04935325282672159,0.05751230445081727,-0.049865354078997545,0.05086168901213565,0.04751245972276657,0.04928573576072152,-0.052310950583929094,0.04899918547744789,0.039368428471004725
mirr,-0.06430895763786781,-0.06239771015767051,0.056097587947574315,0.06085988846371116,0.03879390657858968,-0.050006625002376855,0.06731220153382449,0.06656546355420136,0.06581990849798626,-0.04810610684010241,0.06209811941046047,0.008659522277004325
dsx,-0.08270501986771701,-0.07169533854735091,0.05047807804442805,0.07028523786375605,0.05966924762677853,-0.05261146482796346,0.07772235210581584,0.07359578004950558,0.07396223382813767,-0.04642667187540715,0.06738455078321887,0.10571196417367204
lab,-0.017527267280592385,-0.01872422701575489,0.020934046763987794,0.01964826103880186,0.023093273277791135,-0.018775489077762973,0.0188745900461531,0.01771996770026688,0.019837943321571287,-0.02383836288468642,0.02064783135584064,-0.03241401977855119
Hnf4,-0.07554074461060695,-0.06862642277820052,0.05794617806572683,0.06992139856321451,-0.027913637868415987,-0.0848399792349496,0.061007422490631735,0.07559141694486045,0.05900563723202058,-0.06942763306884175,0.06119639625925329,0.032650487089855115
GATAd,-0.2535150095299577,-0.2916733471017448,0.2793525624509663,0.27402681563056763,0.22236897733612435,-0.23697230581672682,0.27639827823760876,0.2751649193567248,0.29596052233213166,-0.19894451314947884,0.2849341428421686,-0.053490538149923356
PHDP,-0.002842425489985187,-0.0024623803448382067,0.0017071020044753685,0.0021747584560531173,0.002564443720229488,-0.003800250845554009,0.002585921048441311,0.0024400112017699746,0.001824230886963813,-0.001922927841820372,0.002225918248811524,0.012782783793697192
oc,-0.09331271713848886,-0.08341438247213405,0.057385854489798056,0.08236054411183187,0.05848353384407741,-0.06590830639466251,0.088794249725713,0.07905946900320589,0.08711796576169364,-0.05961780610855869,0.08030007101989117,0.09542584327184614
Dref,-0.1150611037708921,-0.12308137123893766,0.17974132604559676,0.13461179455824673,0.18092512045931897,-0.1432105564865274,0.1277722942754237,0.12365804487010668,0.1302194911371299,-0.16644083328922374,0.14283034730692998,-0.07481899291557634
Cf2,-0.029849424528432974,-0.03340919191229582,0.02813411531070991,0.030814596326414104,0.05269795994619995,-0.02691914312506365,0.03254920166967152,0.03000097421617851,0.034532412306858336,-0.033454115172429154,0.03261213874066456,0.027957788914544847
B-H1,-0.06578264526631591,-0.06601385782424612,0.07116303586586589,0.06794349292903462,0.08628056276529851,-0.0677013596429345,0.07089371175049886,0.06358793575067487,0.06921469772285181,-0.07158731160164054,0.07113397053982515,-0.018628213426088832
Bgb,-0.06105794061482834,-0.060838693217449766,0.05562023448878545,0.055582778147799834,0.04895740481453941,-0.04906260485267559,0.05662460148822185,0.0582019643030339,0.058028639600618985,-0.0496241939521068,0.05683132020170016,-0.036723987555699236
cnc,-0.06976157273457051,-0.07216804457948503,0.06611789603265895,0.07381307902753932,0.07035242606890955,-0.06250327282247438,0.07958933069778176,0.07587219917718128,0.07678226102540554,-0.06058910409394775,0.07345817056427034,0.05608528055856823
odd,-0.004807471686476852,-0.0030708026884330403,0.003896666036709976,0.003995735815152285,0.0032030847562167374,-0.005454805247858871,0.0041980589205568184,0.004017567402263407,0.0037869345359079444,-0.0036630397109134872,0.0041317900187246015,0.013557202497672323
lbl,-0.06917483761491336,-0.07589327591150717,0.08310201151503671,0.07524314935879406,0.029446632960933104,-0.08171488021866509,0.07038786157483469,0.07871061110289736,0.0734476420632631,-0.07716698611733144,0.07474870560693496,0.08398461316527676
so,-0.07553468961424666,-0.07388669372748621,0.07517725442073663,0.07746930637546404,0.059517539157708084,-0.06997575379627136,0.07739871955028982,0.07885929880232267,0.07757082001858444,-0.07835736130855933,0.07703291982730726,0.032762292383065536
ap,-0.03020643199995016,-0.02530713869970475,0.02400481307421299,0.027904403775568704,0.019431827819128156,-0.02677208955212433,0.03044858765377157,0.02876659431846341,0.027305917178883428,-0.026564514564363317,0.02718833004462562,0.014059000292591429
twi,-0.16602545103987024,-0.16558111961315428,0.18188619697428693,0.16727702371814404,0.21222817606438135,-0.17516483782547873,0.160905289928409,0.15797847553350475,0.16679186483425096,-0.1690890028644949,0.17038590493639252,-0.025478718112905866
onecut,-0.12181705749976522,-0.13392828690257264,0.1275691505645404,0.1277534364208941,0.12080986861923051,-0.12254567049660561,0.1283425068064779,0.12829717906024543,0.12484112310548563,-0.12104947577713589,0.1321303581739358,-0.050633976372670364
Ubx,-0.10741756957762816,-0.10343803249215489,0.10607554209997108,0.10581244626593322,0.1026209893240207,-0.09942985827400218,0.1086628323851995,0.1056971308496571,0.10479334511964171,-0.09873006989615461,0.10629625151369547,0.019632163476756313
Pdp1,-0.0097550614499263,-0.007780421973193133,0.007490186997198254,0.008706417361427382,0.008793311992491972,-0.007969297008026946,0.00929719287718671,0.008443978133296165,0.00878810546580159,-0.007347748897403609,0.008651437182055901,0.016238479596842825
H2.0,-0.059073461286901566,-0.05030460862911167,0.05221214138636118,0.05710550369529044,0.03854336006926625,-0.05045888852672772,0.05637437319287873,0.05999295818795719,0.05821703536929171,-0.04827904414907703,0.05547056829182743,-0.004328161008663955
ftz,-0.007475515979301426,-0.004742075763637147,0.006582372559824585,0.007232946169823302,-0.0002784129707133648,-0.008191805974700987,0.006790261869187758,0.006764123031928811,0.006161613347657702,-0.007233407728212086,0.006808416542740215,0.007253076408980752
ct,-0.04170052333277727,-0.03997162360069026,0.04116740323869224,0.0421119619646852,0.03234024143582604,-0.04050057386298365,0.044462608194568876,0.04309965703479819,0.04312748892876552,-0.04042110857418714,0.04285455650157846,0.05506395008971963
kn,-0.03687727269402087,-0.04105012703689622,0.03961362601819446,0.03941072224143885,0.018691366800262923,-0.04090266281280657,0.037639895969288614,0.036793327591835574,0.034707379083065745,-0.04916110073557089,0.03839043501952143,0.02367702345001591
bsh,-0.011477939437788803,-0.011896747284244724,0.011570729355097883,0.011293586653141497,0.00976347396762717,-0.01079381908934892,0.01289629943982286,0.011672166155958749,0.01247649594502282,-0.012941429251276431,0.012482115216850522,0.009787352688033988
Optix,-0.058160549144788014,-0.05773479059960047,0.04955503993181337,0.05632532507625536,0.05468753297837442,-0.05295712674598102,0.05940535263309056,0.05859229000557714,0.054687710447320174,-0.04986635234220854,0.05570884803287652,0.02084491195125189
al,-0.06290567562365318,-0.05506941132305281,0.05185920449289474,0.05913347012692795,0.027311382433182967,-0.0561719903365369,0.06444713089238358,0.06298568436446401,0.058136902171732965,-0.04652189409071721,0.05670458518895464,0.13963625613980454
Dll,-0.07842612180558935,-0.08536618921765006,0.10099026330215634,0.08648643407100895,0.20331411142941422,-0.09473822653979373,0.08840871292608014,0.0809111339114866,0.08075675251949832,-0.1439909810767684,0.08953592978585331,-0.06767115007654859
pnr,-0.07324361795714633,-0.07701751920622042,0.06543805825603162,0.07291116244950116,0.10743088922101567,-0.06894674862872814,0.07116793712839571,0.07111801133255599,0.06623021566096955,-0.08485596307719213,0.068980420915055,-0.027239124724872606
repo,-0.07432494675203696,-0.07146982066995014,0.059871005800894626,0.07290906329109222,-0.007818194650315316,-0.07006017399311121,0.07349101119278754,0.07463344369445021,0.07154090897301818,-0.07053613646433117,0.07053282059894325,0.12622209235340998
gt,-0.07230743660885953,-0.07656536658692858,0.07253810875661802,0.07556291853806683,0.028501624593433892,-0.07041097744350526,0.07419579565693717,0.07258132845709703,0.07295394390538863,-0.07453368707489241,0.07427823628707211,-0.0113911693386222
Mad,-0.15798373083950099,-0.14647295939098437,0.1430048052039422,0.16630618187675264,0.25154731580751016,-0.1411014113223651,0.16747914483009455,0.18534086098701583,0.16890255020273717,-0.09156944183165043,0.16219072767572834,0.10676571663515776
CG34031,-6.944255849255e-05,-0.0004971299841004944,-1.3150899718350716e-05,0.0005840709715692748,-0.003788509722242877,-0.00019668244887610927,0.00023756329326498263,-1.2671387278666026e-05,-0.0009423020878313646,-0.0004250309048597768,-4.651858462235049e-05,0.004326343666684311
Hsf,-0.1027873085167288,-0.09346819198755364,0.08177387279263953,0.09188783054418992,0.08045786524736055,-0.07834367040473522,0.10002397536746002,0.09516780813210725,0.09381309948893567,-0.08124009471761247,0.09303664910479051,0.10740464731219146
msl-1,-0.05426949543068504,-0.05586216102124274,0.06468921457947009,0.06018878141444574,0.04366564693618139,-0.06114720562726937,0.055063357377280145,0.05724799021414533,0.05488006577401547,-0.07005054902968444,0.05890498573192777,-0.052913094615605054
Su(H),-0.010162220211161649,-0.009997172548518285,0.010913165492476663,0.010452912334064934,0.011880078706864836,-0.009405237788603546,0.010938228407986948,0.00917392505039826,0.010672327434889292,-0.01072791450912584,0.010935956368611733,-0.0028629428484087554
lms,-0.029922667946638972,-0.030818470832776855,0.03796596577451966,0.03218057277168311,0.0299176905301151,-0.032636404618704415,0.031951504654088976,0.030644131409062463,0.035191172514738966,-0.03351850169263046,0.03350172235273864,-0.008023564366355347
HGTX,-0.027962979091773588,-0.027598712420292826,0.028833089456452573,0.030697389522947,0.031034338791918553,-0.02593266888870226,0.03144142593935509,0.0311683696402312,0.02958004005040712,-0.02709137894765426,0.030285694881781178,0.04716992809951148
bcd,-0.2144309907530015,-0.2046002517369878,0.19113033852934821,0.19904872929165493,0.16234175111353125,-0.18696180340276913,0.1997901154384755,0.18941993705967425,0.19711828937701945,-0.21774053628713333,0.20419285209725108,-0.24147805251254195
ovo,-0.06329136217548025,-0.056908958141078575,0.045554470398003886,0.05604173720567123,0.03716626029878052,-0.057600628149910224,0.06248239346990655,0.06329091901606419,0.05809656221711866,-0.04648437923160139,0.053546662315442355,0.08831507752525532
CG4328,-0.036599528601949656,-0.03151184033856064,0.02721177957632113,0.03372389421330857,0.008660579412448455,-0.02757107689464336,0.03655769817761444,0.03512051635562657,0.03404113052526361,-0.02303247363705513,0.03218069195726321,0.0462014747738943
Tbp,-0.04826503512072893,-0.04525746191283598,0.040429388031116405,0.04482848601742388,0.04005772191314445,-0.04038857540139792,0.04804274296581814,0.04619117484149586,0.04624271325745912,-0.04303871163999734,0.04531048872832722,0.020048097192265378
Dbx,-0.12207227947458384,-0.08251504117277206,0.07069229104630505,0.10305542895499223,-0.04037896282983632,-0.07417608738888921,0.10076309753595192,0.12069327478398902,0.09779790619113612,-0.04743582811149853,0.09091870387844968,0.14515482391341517
en,-0.07885670078616035,-0.07589731426452064,0.06308290497146979,0.07279724351663797,0.0522251353959151,-0.06450734925929925,0.06962816641438306,0.07760609629412892,0.06863873614775795,-0.048914009392958716,0.06813436048974225,0.0016581900605178498
sna,-0.1740544213648394,-0.14882081887665785,0.24910742178893916,0.19644110074347046,0.24672596009565034,-0.2503366307879984,0.17984469176875384,0.16431856262336053,0.2009906997618091,-0.23312020520049315,0.20774553159460854,0.07608248356428217
Six4,-0.005427101476488322,-0.007902067007105978,0.0087245026287745,0.007074275670270789,0.0050981105638002325,-0.007074981339177251,0.007214337209090086,0.00661534530148145,0.007298589816475278,-0.00920809452261668,0.007765356549386236,-0.010078936383813996
C15,-0.058268366522598036,-0.06479830173452453,0.04491034964934563,0.051999737619409854,0.04475619518964835,-0.047898155559690264,0.05540422191948247,0.05341585273310686,0.05536335928260896,-0.04151825443699246,0.0536109297116077,-0.02460008379192157
vvl,-0.11703696773131124,-0.13250250765467875,0.05719218707737854,0.07750957429881723,0.13064237352992839,-0.05412186675677682,0.1100810057772848,0.10504823718743717,0.12315794760548424,-0.04927957740842816,0.09578408719488678,0.04068251261541719
ind,-0.0982645226750631,-0.10587590032332045,0.12055859190921639,0.11208823294908839,0.10338697398881687,-0.11661776096870405,0.10912352979291062,0.10508822302387179,0.10672675877929517,-0.1263772826521242,0.11065166111616852,-0.05710133290322498
EcR,-0.07403624769474257,-0.0678749414103882,0.062254621768436304,0.07113261558947073,0.044252505716846,-0.06361635211709608,0.06969500191842938,0.0721292292337112,0.06866503752987312,-0.06715126394549571,0.0667482079624634,0.02501458918206205
abd-A,-0.0937173671351715,-0.09096395057529862,0.1124181739673055,0.10859744905194073,0.04040991390138693,-0.09839445623963707,0.10603222728535729,0.1035951453261524,0.09780834579535783,-0.10969893775617419,0.1049662876790156,-0.05765216518784404
M1BP,-0.00906002197449243,-0.007984108857279335,0.007203267449467523,0.007884576951040851,0.011366794519342907,-0.006632945735873597,0.009478328406869636,0.008674762371739487,0.009341272605763928,-0.006440631627985119,0.00830204811614421,0.01959057975188999
D,-0.007691659214380262,-0.0067432242159399264,0.007611692779968778,0.007699430678221927,0.001666046062984155,-0.008286993356009903,0.0074742048210533225,0.007256188017112929,0.007470438057197901,-0.007917258352162731,0.007659035527367708,-0.0038983570226708633
inv,-0.028600427227536127,-0.03091111785651198,0.02249516965046812,0.026719902984566102,0.0331403194229141,-0.020466915332757782,0.030205949333415135,0.028725613809477225,0.030044685412962294,-0.023179641237770953,0.028034737659881397,-0.018644628700436608
br,-0.0800328484872621,-0.07291808865158626,0.07660770786850599,0.07985370364254049,0.03430292455130578,-0.07505200893245981,0.08307775691929015,0.07992163873116122,0.08243088817311289,-0.07946508361007289,0.07922847010726158,0.07816797425324873
ttk,-0.06435170476531667,-0.05523556142165397,0.04612776625784941,0.056058244921811835,0.04340428509277541,-0.0471358546747482,0.0625760634122768,0.060435238334184474,0.059862780924289934,-0.03970172929528014,0.0557944031995529,-0.01123524903510137
Hmx,-0.06899384602406475,-0.06207924028805576,0.058665298001183065,0.06600344575974906,0.044383668743199746,-0.05903986191868793,0.06781278689382025,0.06416968852231078,0.0650656919286595,-0.05916069763915808,0.06494518385195067,0.037111327747406414
lbe,-0.08920037623849376,-0.08540449220439159,0.09075433872872399,0.09548665297623694,0.048378129435499434,-0.08780778696065798,0.09301579698862468,0.09232693801982766,0.0879578370007384,-0.09677874640196633,0.0916333787605872,-0.0018911634297281538
Awh,-0.040253460242183674,-0.03895910025362568,0.03629339266079044,0.039896788714476356,0.017762960416496953,-0.043775325030628025,0.03823364018540623,0.04155003187419821,0.03912599126198646,-0.03467326082379754,0.03773961480371484,-0.02453882980087814
Clamp,-0.12059678291365901,-0.12688827970030678,0.15951677206043594,0.1322776525491749,0.20342710962806282,-0.1341338926369778,0.12719988131919438,0.10988348372985017,0.14192325572688091,-0.16724655384224654,0.1449586025081998,-0.12255900735632794
Eip74EF,-0.09959665740436684,-0.10239170502748488,0.09248155454056818,0.0978825014651597,0.044665398370746186,-0.0879586943268839,0.09648054431822053,0.10368189794914116,0.09517732225612939,-0.08887772597569393,0.09717938948169094,-0.04134131914695149
ems,-0.005072054009315818,-0.005742678428030771,0.005676403345549988,0.005825117602574412,0.005517179567825411,-0.005853376444677731,0.0052596194518968395,0.005394962188167305,0.006119307232580659,-0.00620577498780141,0.0061327781303739575,-0.006492064346952044
Scr,-0.023629585963131083,-0.019423144201944974,0.016182526593154833,0.020183792009357153,0.012478666516325234,-0.017991833467596984,0.021959220842288595,0.02110520260467359,0.02061143929985654,-0.015914128539207713,0.020142181087099996,0.04578069506409246
prd,-0.07541248041360128,-0.07129497853066048,0.07666815304923398,0.07681234809788473,0.022737414004258945,-0.07497776048368264,0.07712616287736787,0.07422183365831105,0.07223188399682955,-0.0742967741051169,0.07465304181813613,-0.03609794145967758
ro,-0.00243316219891291,-0.0027686742245585207,0.002180478691538924,0.0024843532170248585,0.003149222587575131,-0.00181418273488343,0.002795351710916365,0.0025076320575864804,0.002891450167160561,-0.002030552297527492,0.002566662446633293,-0.0020909541572466414
dve,-5.927140569456041e-07,2.2968431130476155e-07,7.825584351466706e-08,2.659271906788527e-07,-7.580772189997654e-07,5.3534916123866256e-08,-5.986343763391069e-07,-3.265350481371674e-07,-1.3402062964199558e-07,-3.0970455825496977e-07,-2.4755753793672795e-07,-9.083862576834344e-06
Deaf1,-4.14015578243374e-06,2.659797447695452e-07,1.5403993592021086e-06,1.6156022871804625e-06,9.311838033501568e-06,2.3607204521220686e-06,1.8930915017534804e-06,3.940299434921385e-06,-2.245262601680787e-06,-1.3207880211169674e-05,-1.1393205390992942e-06,-5.22377611429318e-05
NK7.1,-0.04601502616928618,-0.042792120656810394,0.03849710620797269,0.04375313536581125,0.04436925739495077,-0.03736946454783684,0.04751597358785734,0.045226155443549056,0.04399722249831379,-0.03932898688366256,0.04328313552496022,0.03635926640306801
hbn,-0.12599293339250428,-0.1189269146915528,0.1153582507184309,0.12211173275220026,-0.03619141304207985,-0.1477572493212123,0.10802955279616183,0.13436002589047413,0.09834537882262825,-0.1278265092138755,0.10346279087375394,-0.17840329001276897
Rx,-0.06723044448285925,-0.0671261675193113,0.06179532871878513,0.06547003890452398,0.012838575562794224,-0.05735967529037974,0.06932356554503347,0.07400924461480038,0.07144418164337415,-0.059559198847891646,0.06662198626086632,-0.1622730818590347
Antp,-0.05317483316001463,-0.05567849099954141,0.06045693546140438,0.055834161024054536,0.04995667647254585,-0.05984961416889536,0.05620776542277716,0.05469641361342559,0.05874557464225711,-0.05982954106769772,0.05848486617438069,-0.04583265170529338
Elba2,-0.06250759028874317,-0.0539202119500503,0.03985630408243399,0.05396288124845795,0.052423073171239065,-0.04750458185141912,0.05800638555921416,0.05779248544691493,0.05910843007005554,-0.04425357271144763,0.05336865997057393,0.034942927732883884
kni,-0.08722902128485714,-0.0853360892385307,0.07217648293259891,0.08228965252900258,0.06990676006292022,-0.07360268215008531,0.08413937003296594,0.07900244065354048,0.08189481665608193,-0.07623177115840957,0.08213117428117923,0.042110415219040104
achi,-0.1241882216300922,-0.1098943092380999,0.08516565897891462,0.10610763191165389,0.14125471655559685,-0.08628854267177301,0.12331623718824247,0.11699491656240758,0.12267484573939252,-0.0576500082905621,0.11079246703615975,0.20985005401664208
dl,-0.06602903372685875,-0.06850292247286295,0.030839002435306316,0.054848388728057855,-0.1518216934540871,-0.02530916464083662,0.048189741364849846,0.0676678301616384,0.05417389877028937,-0.057606279051290926,0.04463513211355507,-0.43228439432242494
CG32532,-0.11169672274761526,-0.11853724789355817,0.08897878532216245,0.10105679171019637,0.10469344095742861,-0.08914599187384635,0.11453946584081447,0.10182142362039123,0.10878245107258377,-0.10502039838845328,0.1058965598408449,-0.06875261674858497
tin,-0.026867583006607028,-0.024586235966899597,0.02776075636826045,0.02835841845356487,0.020182106471482008,-0.026406162446704778,0.031354923019172504,0.030158129227035205,0.030636078946983482,-0.025507543272926314,0.029491480833166064,0.013855386547282343
