Source,Target,Interaction,Weight
kn,chrb,regulates,7.0233894233880365
kn,Shab,regulates,9.31904781776321
kn,Gr61a,regulates,6.812595881206473
kn,mthl2,regulates,8.978745453787408
kn,Spn43Aa,regulates,9.380864027312297
kn,CG13488,regulates,8.261065481977951
kn,Nos,regulates,6.823382553378088
kn,Acp33A,regulates,7.08462102368559
kn,CG7296,regulates,7.385534310288499
kn,alpha-Man-IIb,regulates,7.609489324055958
kn,tara,regulates,9.648150636286035
kn,ATPsynepsilonL,regulates,10.994170066216066
kn,Syn,regulates,7.50238660010329
kn,CG45050,regulates,7.928980247282207
kn,CG15580,regulates,8.522263703812117
kn,CG31088,regulates,9.211485103311773
kn,CG7695,regulates,9.006373366093609
kn,nAChRalpha3,regulates,11.570424681749762
kn,CG13021,regulates,11.151315596606482
kn,sdt,regulates,9.480875118634081
kn,CG14427,regulates,9.80401869369199
kn,CG33082,regulates,9.160621416152908
kn,CG11356,regulates,11.112108682479429
kn,norpA,regulates,7.853276252713737
kn,Inx7,regulates,8.214589763060436
kn,tay,regulates,6.7949400055636415
kn,CG3556,regulates,8.084825025598636
kn,Asator,regulates,7.945130987100745
kn,CG11360,regulates,12.886170193023503
