Id,Label,Type
140up,140up,TG
14-3-3zeta,14-3-3zeta,TG
acj6,acj6,TG
Actbeta,Actbeta,TG
AGO1,AGO1,TG
alrm,alrm,TG
Ank2,Ank2,TG
anne,anne,TG
aPKC,aPKC,TG
apolpp,apolpp,TG
Appl,Appl,TG
Argk,Argk,TG
Asator,Asator,TG
Asciz,Asciz,TG
Atpalpha,Atpalpha,TG
ATPsynB,ATPsynB,TG
ATPsynC,ATPsynC,TG
ATPsynD,ATPsynD,TG
ATPsynF,ATPsynF,TG
aub,aub,TG
Awh,Awh,TG
beat-IIa,beat-IIa,TG
beat-IIb,beat-IIb,TG
beat-IIIb,beat-IIIb,TG
betaTub56D,betaTub56D,TG
bip1,bip1,TG
Blm,Blm,TG
blot,blot,TG
botv,botv,TG
br,br,TG
bru3,bru3,TG
Bsg,Bsg,TG
c(2)M,c(2)M,TG
Ca-alpha1D,Ca-alpha1D,TG
cac,cac,TG
Cad99C,Cad99C,TG
Cadps,Cadps,TG
CAH2,CAH2,TG
Cam,Cam,TG
CaMKI,CaMKI,TG
CaMKII,CaMKII,TG
Caper,Caper,TG
CASK,CASK,TG
Cbp53E,Cbp53E,TG
CCDC151,CCDC151,TG
Ccn,Ccn,TG
Cdep,Cdep,TG
CG10077,CG10077,TG
CG10164,CG10164,TG
CG10466,CG10466,TG
CG10866,CG10866,TG
CG10959,CG10959,TG
CG11000,CG11000,TG
CG11155,CG11155,TG
CG1116,CG1116,TG
CG11349,CG11349,TG
CG11444,CG11444,TG
CG11635,CG11635,TG
CG11755,CG11755,TG
CG12795,CG12795,TG
CG12990,CG12990,TG
CG13018,CG13018,TG
CG13074,CG13074,TG
CG13177,CG13177,TG
CG13428,CG13428,TG
CG13617,CG13617,TG
CG13675,CG13675,TG
CG13739,CG13739,TG
CG13857,CG13857,TG
CG13884,CG13884,TG
CG13891,CG13891,TG
CG14075,CG14075,TG
CG14760,CG14760,TG
CG14762,CG14762,TG
CG14921,CG14921,TG
CG14949,CG14949,TG
CG14989,CG14989,TG
CG15082,CG15082,TG
CG15249,CG15249,TG
CG1552,CG1552,TG
CG15530,CG15530,TG
CG15879,CG15879,TG
CG16710,CG16710,TG
CG16779,CG16779,TG
CG17118,CG17118,TG
CG17780,CG17780,TG
CG17816,CG17816,TG
CG1789,CG1789,TG
CG18262,CG18262,TG
CG18518,CG18518,TG
CG18744,CG18744,TG
CG18747,CG18747,TG
CG2016,CG2016,TG
CG2082,CG2082,TG
CG2147,CG2147,TG
CG2233,CG2233,TG
CG2269,CG2269,TG
CG2641,CG2641,TG
CG2875,CG2875,TG
CG2906,CG2906,TG
CG30059,CG30059,TG
CG3009,CG3009,TG
CG3014,CG3014,TG
CG30275,CG30275,TG
CG31140,CG31140,TG
CG31220,CG31220,TG
CG31221,CG31221,TG
CG31245,CG31245,TG
CG31324,CG31324,TG
CG31404,CG31404,TG
CG31437,CG31437,TG
CG31517,CG31517,TG
CG31677,CG31677,TG
CG32017,CG32017,TG
CG32206,CG32206,TG
CG32241,CG32241,TG
CG32248,CG32248,TG
CG32284,CG32284,TG
CG32486,CG32486,TG
CG32521,CG32521,TG
CG32772,CG32772,TG
CG32850,CG32850,TG
CG3301,CG3301,TG
CG3308,CG3308,TG
CG33143,CG33143,TG
CG33144,CG33144,TG
CG33156,CG33156,TG
CG33229,CG33229,TG
CG33342,CG33342,TG
CG33640,CG33640,TG
CG34305,CG34305,TG
CG34357,CG34357,TG
CG34377,CG34377,TG
CG34383,CG34383,TG
CG3662,CG3662,TG
CG42260,CG42260,TG
CG42268,CG42268,TG
CG42319,CG42319,TG
CG42322,CG42322,TG
CG42324,CG42324,TG
CG42540,CG42540,TG
CG42541,CG42541,TG
CG42564,CG42564,TG
CG42594,CG42594,TG
CG42613,CG42613,TG
CG42748,CG42748,TG
CG42795,CG42795,TG
CG42807,CG42807,TG
CG43255,CG43255,TG
CG43347,CG43347,TG
CG43407,CG43407,TG
CG4367,CG4367,TG
CG43813,CG43813,TG
CG43902,CG43902,TG
CG44422,CG44422,TG
CG4477,CG4477,TG
CG45002,CG45002,TG
CG46298,CG46298,TG
CG4770,CG4770,TG
CG4927,CG4927,TG
CG4945,CG4945,TG
CG5151,CG5151,TG
CG5466,CG5466,TG
CG5626,CG5626,TG
CG5921,CG5921,TG
CG6040,CG6040,TG
CG6163,CG6163,TG
CG6332,CG6332,TG
CG6347,CG6347,TG
CG6770,CG6770,TG
CG6980,CG6980,TG
CG7059,CG7059,TG
CG7630,CG7630,TG
CG7763,CG7763,TG
CG7971,CG7971,TG
CG8311,CG8311,TG
CG8336,CG8336,TG
CG8369,CG8369,TG
CG8545,CG8545,TG
CG8907,CG8907,TG
CG8960,CG8960,TG
CG9922,CG9922,TG
CG9925,CG9925,TG
CG9928,CG9928,TG
chas,chas,TG
ChAT,ChAT,TG
chn,chn,TG
ckd,ckd,TG
Cks85A,Cks85A,TG
cnc,cnc,TG
Cngl,Cngl,TG
CNMaR,CNMaR,TG
Con,Con,TG
Cow,Cow,TG
COX5A,COX5A,TG
COX5B,COX5B,TG
cpo,cpo,TG
Cpr60D,Cpr60D,TG
Cpr67B,Cpr67B,TG
Cpsf160,Cpsf160,TG
cpx,cpx,TG
crp,crp,TG
ct,ct,TG
CysRS-m,CysRS-m,TG
dati,dati,TG
Deaf1,Deaf1,TG
Desat1,Desat1,TG
DIP-alpha,DIP-alpha,TG
Dlip2,Dlip2,TG
Dll,Dll,TG
Dop1R2,Dop1R2,TG
dpr7,dpr7,TG
Dscam2,Dscam2,TG
dsx,dsx,TG
Dys,Dys,TG
eco,eco,TG
EcR,EcR,TG
ed,ed,TG
eEF1alpha1,eEF1alpha1,TG
Eip74EF,Eip74EF,TG
Eip75B,Eip75B,TG
Eip78C,Eip78C,TG
Eip93F,Eip93F,TG
ems,ems,TG
Ephrin,Ephrin,TG
exp,exp,TG
Fas1,Fas1,TG
fend,fend,TG
fne,fne,TG
Frq2,Frq2,TG
fru,fru,TG
fs(1)h,fs(1)h,TG
fz2,fz2,TG
GABA-B-R1,GABA-B-R1,TG
Galphaf,Galphaf,TG
Gfrl,Gfrl,TG
Ggamma30A,Ggamma30A,TG
gish,gish,TG
GluClalpha,GluClalpha,TG
GluRIB,GluRIB,TG
Glut4EF,Glut4EF,TG
GPHR,GPHR,TG
Gprk2,Gprk2,TG
Gr32a,Gr32a,TG
Gr33a,Gr33a,TG
gt,gt,TG
Gyf,Gyf,TG
Hasp,Hasp,TG
hb,hb,TG
hbn,hbn,TG
heix,heix,TG
His3.3B,His3.3B,TG
Hnf4,Hnf4,TG
hppy,hppy,TG
Hr38,Hr38,TG
Hr39,Hr39,TG
Hsp83,Hsp83,TG
hwt,hwt,TG
IA-2,IA-2,TG
igl,igl,TG
IM4,IM4,TG
inaE,inaE,TG
Ir25a,Ir25a,TG
jdp,jdp,TG
Jhe,Jhe,TG
jim,jim,TG
Jon65Aiii,Jon65Aiii,TG
jus,jus,TG
Kebab,Kebab,TG
kek1,kek1,TG
Kif3C,Kif3C,TG
kirre,kirre,TG
klg,klg,TG
kni,kni,TG
kn,kn,TG
l(1)G0020,l(1)G0020,TG
levy,levy,TG
Lim3,Lim3,TG
Liprin-gamma,Liprin-gamma,TG
lola,lola,TG
M6,M6,TG
mam,mam,TG
mamo,mamo,TG
mask,mask,TG
Mbs,Mbs,TG
mei-P26,mei-P26,TG
MEP-1,MEP-1,TG
Mettl3,Mettl3,TG
mgl,mgl,TG
Mid1,Mid1,TG
miple1,miple1,TG
mirr,mirr,TG
Mmp2,Mmp2,TG
moon,moon,TG
ms(2)34Fe,ms(2)34Fe,TG
mtd,mtd,TG
mthl3,mthl3,TG
mthl5,mthl5,TG
MtnA,MtnA,TG
MtnD,MtnD,TG
Muc68E,Muc68E,TG
Muc96D,Muc96D,TG
Mur89F,Mur89F,TG
mura,mura,TG
MYPT-75D,MYPT-75D,TG
nAChRalpha1,nAChRalpha1,TG
nAChRalpha3,nAChRalpha3,TG
nAChRalpha6,nAChRalpha6,TG
nAChRalpha7,nAChRalpha7,TG
nAChRbeta1,nAChRbeta1,TG
NaCP60E,NaCP60E,TG
Nckx30C,Nckx30C,TG
ND-B17.2,ND-B17.2,TG
NFAT,NFAT,TG
NfI,NfI,TG
Nlg2,Nlg2,TG
nolo,nolo,TG
Nplp2,Nplp2,TG
Nrg,Nrg,TG
nrv2,nrv2,TG
nrv3,nrv3,TG
Nxt1,Nxt1,TG
Obp44a,Obp44a,TG
Obp84a,Obp84a,TG
oc,oc,TG
Octalpha2R,Octalpha2R,TG
Octbeta2R,Octbeta2R,TG
Octbeta3R,Octbeta3R,TG
olf413,olf413,TG
onecut,onecut,TG
pan,pan,TG
para,para,TG
Pbgs,Pbgs,TG
pdm3,pdm3,TG
Pdp1,Pdp1,TG
PH4alphaMP,PH4alphaMP,TG
pHCl-1,pHCl-1,TG
Pi4KIIalpha,Pi4KIIalpha,TG
PIG-B,PIG-B,TG
PIP4K,PIP4K,TG
Pits,Pits,TG
Pkc53E,Pkc53E,TG
pk,pk,TG
Plc21C,Plc21C,TG
PlexA,PlexA,TG
PMCA,PMCA,TG
PNPase,PNPase,TG
pnr,pnr,TG
porin,porin,TG
pros,pros,TG
Psf3,Psf3,TG
ps,ps,TG
Ptp99A,Ptp99A,TG
pum,pum,TG
Pvf3,Pvf3,TG
Pxd,Pxd,TG
qvr,qvr,TG
RacGAP84C,RacGAP84C,TG
Rack1,Rack1,TG
rad,rad,TG
RapGAP1,RapGAP1,TG
rasp,rasp,TG
Rbfox1,Rbfox1,TG
Rbp6,Rbp6,TG
rdgA,rdgA,TG
Rdl,Rdl,TG
rdx,rdx,TG
Reg-2,Reg-2,TG
REPTOR,REPTOR,TG
rhi,rhi,TG
RhoGAP19D,RhoGAP19D,TG
Rint1,Rint1,TG
robo2,robo2,TG
RpII140,RpII140,TG
RpL10Ab,RpL10Ab,TG
RpL11,RpL11,TG
RpL13A,RpL13A,TG
RpL13,RpL13,TG
RpL14,RpL14,TG
RpL18A,RpL18A,TG
RpL18,RpL18,TG
RpL21,RpL21,TG
RpL22,RpL22,TG
RpL23,RpL23,TG
RpL27A,RpL27A,TG
RpL27,RpL27,TG
RpL29,RpL29,TG
RpL32,RpL32,TG
RpL34b,RpL34b,TG
RpL37A,RpL37A,TG
RpL3,RpL3,TG
RpL41,RpL41,TG
RpL6,RpL6,TG
RpL7A,RpL7A,TG
RpLP1,RpLP1,TG
RpS12,RpS12,TG
RpS15,RpS15,TG
RpS16,RpS16,TG
RpS17,RpS17,TG
RpS20,RpS20,TG
RpS24,RpS24,TG
RpS25,RpS25,TG
RpS26,RpS26,TG
RpS27,RpS27,TG
RpS28b,RpS28b,TG
RpS30,RpS30,TG
RpS3A,RpS3A,TG
RpS4,RpS4,TG
RpS5a,RpS5a,TG
RpS9,RpS9,TG
Saf-B,Saf-B,TG
Sap47,Sap47,TG
sbb,sbb,TG
Sbp2,Sbp2,TG
Sclp,Sclp,TG
scrt,scrt,TG
sd,sd,TG
sff,sff,TG
Shab,Shab,TG
shakB,shakB,TG
Shal,Shal,TG
sha,sha,TG
Shc,Shc,TG
shep,shep,TG
Sh,Sh,TG
side-III,side-III,TG
side-II,side-II,TG
side-VI,side-VI,TG
sima,sima,TG
SK,SK,TG
SLO2,SLO2,TG
Slob,Slob,TG
slo,slo,TG
slx1,slx1,TG
Smr,Smr,TG
sm,sm,TG
sni,sni,TG
Snoo,Snoo,TG
sNPF,sNPF,TG
sosie,sosie,TG
Sox102F,Sox102F,TG
spen,spen,TG
Srr,Srr,TG
ssp,ssp,TG
stac,stac,TG
sta,sta,TG
Strip,Strip,TG
Syt1,Syt1,TG
Syt7,Syt7,TG
tay,tay,TG
Tctp,Tctp,TG
Teh2,Teh2,TG
Ten-a,Ten-a,TG
Ten-m,Ten-m,TG
Tet,Tet,TG
Thd1,Thd1,TG
ths,ths,TG
thw,thw,TG
tinc,tinc,TG
Tk,Tk,TG
Tlk,Tlk,TG
Tl,Tl,TG
Tomosyn,Tomosyn,TG
toy,toy,TG
trk,trk,TG
trol,trol,TG
Trpm,Trpm,TG
trv,trv,TG
Tsp29Fb,Tsp29Fb,TG
Tsp66E,Tsp66E,TG
tst,tst,TG
ttk,ttk,TG
ttm2,ttm2,TG
ttv,ttv,TG
tutl,tutl,TG
TwdlF,TwdlF,TG
TwdlG,TwdlG,TG
TwdlV,TwdlV,TG
twf,twf,TG
unc-104,unc-104,TG
unc-13-4A,unc-13-4A,TG
unc-13,unc-13,TG
unc79,unc79,TG
VAChT,VAChT,TG
veil,veil,TG
vers,vers,TG
Vha100-5,Vha100-5,TG
Vhl,Vhl,TG
Vsx1,Vsx1,TG
vvl,vvl,TG
wnd,wnd,TG
wol,wol,TG
wry,wry,TG
X11Lbeta,X11Lbeta,TG
XRCC1,XRCC1,TG
Yp3,Yp3,TG
Zasp67,Zasp67,TG
zfh2,zfh2,TG
Abd-B,Abd-B,TF
ap,ap,TF
Awh,Awh,TF
brk,brk,TF
bsh,bsh,TF
cad,cad,TF
Cf2,Cf2,TF
CG18599,CG18599,TF
CG34031,CG34031,TF
ct,ct,TF
D,D,TF
dmrt99B,dmrt99B,TF
ems,ems,TF
exex,exex,TF
fkh,fkh,TF
GATAd,GATAd,TF
H,H,TF
inv,inv,TF
lab,lab,TF
Lim3,Lim3,TF
Mad,Mad,TF
NK7.1,NK7.1,TF
onecut,onecut,TF
otp,otp,TF
Pdp1,Pdp1,TF
PHDP,PHDP,TF
pho,pho,TF
ro,ro,TF
schlank,schlank,TF
Tbp,Tbp,TF
z,z,TF
