,corr_Within_group,corr_Between_group,corr_diff,z_w,z_b,mu,z,p_val,type,bonf_pval,BH_adj_pval
alpha/beta/gamma Kenyon cell,0.6674208949245028,-0.7321884198402172,1.39960931476472,0.9492315460724385,-1.0119437013789818,1.9611752474514204,43.870749468735504,0.0,DTFA,0.0,0.0
dopaminergic PAM neuron,0.5099621187400857,-0.5208854550648269,1.0308475738049125,0.955243964060247,-1.193450763988114,2.148694728048361,48.06548941584957,0.0,DTFA,0.0,0.0
Tm2,0.3441262264419846,-0.3245222498923385,0.6686484763343231,1.0029775426650787,-0.581798384793496,1.5847759274585747,35.45083886203814,0.0,DTFA,0.0,0.0
Tm4,0.3229055036996235,-0.3332175642419118,0.6561230679415353,0.7299898492783644,-0.8663031403332337,1.596292989611598,35.708471191932034,0.0,DTFA,0.0,0.0
Mi15,0.25363432405774944,-0.2937543904653536,0.5473887145231031,0.23222161025090401,-0.6080078757952881,0.8402294860461922,18.795616213532686,0.0,DTFA,0.0,0.0
dorsomedial neurosecretory cell and myoinhibitory peptide neuron,0.2581544942596885,-0.23407623210059658,0.4922307263602851,0.3397540936808617,-0.2683407608486216,0.6080948545294833,13.602852193325443,0.0,DTFA,0.0,0.0
ensheathing glial cells,0.12504947630976423,-0.2581170333664612,0.38316650967622545,0.18661820919488056,-0.6913709150040585,0.877989124198939,19.64028505563742,0.0,DTFA,0.0,0.0
ensheathing glial cells,0.1336970833240063,-0.17164678488890456,0.3053438682129108,0.13979189547887902,-0.17853612448108278,0.3183280199599618,64.83490804478727,0.0,logFC,0.0,0.0
reticular neuropil associated glial cell,0.1904520564768729,0.02225694692641172,0.16819510955046119,0.21134224466155074,0.018770281877277393,0.19257196278427335,39.22176093921273,0.0,logFC,0.0,0.0
Tm2,0.0633021196457772,-0.05686516164687391,0.12016728129265111,0.06467608898951241,-0.057465592383178485,0.1221416813726909,24.876995374865682,0.0,logFC,0.0,0.0
subperineurial glial cell,0.043055601464935624,-0.07023116370875311,0.11328676517368874,0.04436537799787401,-0.07251567447544251,0.11688105247331651,23.805545896457883,0.0,logFC,0.0,0.0
Tm1,0.20892867176207774,0.1197785749030879,0.08915009685898985,0.33471445886838286,-0.001248970741667114,0.33596342961005,7.515375013137245,2.842170943040401e-14,DTFA,1.9610979506978765e-12,1.0321568161567772e-13
L2,0.159731515884436,0.08167671718905187,0.07805479869538412,0.16344940575755731,0.08261614292670637,0.08083326283085095,16.463574784455083,0.0,logFC,0.0,0.0
dopaminergic PAM neuron,0.03542426583365813,-0.03902600163287062,0.07445026746652875,0.03561599262020838,-0.03918712049553682,0.0748031131157452,15.235394486898006,0.0,logFC,0.0,0.0
outer photoreceptor cell,0.007237170233879219,-0.06678208594585994,0.07401925617973916,0.0076097603992366,-0.07055232916805211,0.0781620895672887,15.91952819711246,0.0,logFC,0.0,0.0
alpha/beta/gamma Kenyon cell,0.05969687031373407,-0.011440953091118736,0.0711378234048528,0.06177879552052162,-0.011754805611003857,0.07353360113152548,14.97682883261161,0.0,logFC,0.0,0.0
Tm4,0.007646699305192267,-0.06204830464683437,0.06969500395202663,0.007871911106897415,-0.06335170666612332,0.07122361777302073,14.506346973513937,0.0,logFC,0.0,0.0
L2,0.5151061826750166,0.4654364658833015,0.04966971679171511,1.1160494851703073,1.0054846265833666,0.11056485858694076,2.4732941216840434,0.0066936957040899525,DTFA,0.4618650035822067,0.0219935715991527
reticular neuropil associated glial cell,0.31176172426031995,0.26354624198533855,0.0482154822749814,0.912845528989329,0.09691892007634645,0.8159266089129826,18.251970032261518,0.0,DTFA,0.0,0.0
Mi15,-0.009091512137181929,-0.049309184067851786,0.04021767193066986,-0.008545022335415578,-0.050158669280436025,0.04161364694502045,8.475587456699511,0.0,logFC,0.0,0.0
Tm1,-0.013777671820515222,-0.044356762084951686,0.030579090264436462,-0.013820743876958634,-0.04475995642218556,0.030939212545226927,6.30149052100477,1.4739842679745152e-10,logFC,1.0170491449024155e-08,5.085245724512077e-10
myoinhibitory peptide neuron,0.012873237919986317,0.003214803176029016,0.0096584347439573,0.01289407293936548,0.0033852008395591905,0.00950887209980629,1.936703053278584,0.026390826161963532,logFC,1.0,0.08277122750797654
Tm3a,-0.010071981375057845,-0.012425544058278941,0.002353562683221096,-0.010157727757106516,-0.012382383954926668,0.002224656197820151,0.45310299745236693,0.3252372885295457,logFC,1.0,0.9757118655886371
TmY8,-0.01475937766338512,-0.010749678509188808,-0.004009699154196312,-0.014773565316283849,-0.010626005519146189,-0.00414755979713766,-0.8447470571126566,0.8008739600435191,logFC,1.0,1.0
Mi4,0.029012517700921548,0.03382316513607793,-0.004810647435156381,0.029381684663925673,0.03399526772274383,-0.00461358305881816,-0.9396635376712557,0.8263049130864564,logFC,1.0,1.0
Mi4,0.3147991118193691,0.3274110990255266,-0.012611987206157527,0.680803657905645,0.7975412848090377,-0.11673762690339273,-2.6113766172139696,0.9954910739143102,DTFA,1.0,1.0
T2a/T3,0.009520180826497348,0.02513450666990676,-0.015614325843409412,0.010401489238349819,0.026310608721587494,-0.015909119483237675,-3.240262352333868,0.9994029011512013,logFC,1.0,1.0
cell body glial cell,-0.14670251298233972,-0.1291248087177291,-0.01757770426461061,-0.22335838993408666,-0.2170401771544626,-0.0063182127796240495,-0.14133603323071497,0.5561977575442985,DTFA,1.0,1.0
cholinergic neuron,0.24111136424554022,0.2644547954451972,-0.023343431199656955,0.12408232290620547,0.3399969479022062,-0.21591462499600073,-4.829928601304234,0.999999317089915,DTFA,1.0,1.0
TmY14,-0.01523413999953229,0.008284803890886018,-0.02351894389041831,-0.015201096279499421,0.008302896211557852,-0.023503992491057273,-4.787134956058022,0.999999154104621,logFC,1.0,1.0
optic chiasma glial cell,0.011403374583388366,0.03562977018293416,-0.024226395599545793,0.01185585264398377,0.037184272102562116,-0.025328419458578347,-5.158721958322342,0.9999998756793869,logFC,1.0,1.0
compound eye cone cell,0.0428503785886031,0.06831520102739022,-0.025464822438787123,0.04396555833414223,0.0697389846516381,-0.025773426317495865,-5.249357959453646,0.999999923684883,logFC,1.0,1.0
R7/R8,0.004611252677331451,0.03197501926364418,-0.027363766586312732,0.004453938135719373,0.03206951773532782,-0.027615579599608444,-5.624555338136159,0.9999999907006787,logFC,1.0,1.0
cholinergic neuron,-0.03741280050356844,-0.0088850413899584,-0.028527759113610038,-0.04040897269246881,-0.009139374290076012,-0.0312695984023928,-6.368781288155403,0.999999999904732,logFC,1.0,1.0
TmY5a,-0.013512928199855417,0.02234670819755607,-0.035859636397411486,-0.013743414809143754,0.022522134831914193,-0.03626554964105795,-7.386323002503504,0.9999999999999245,logFC,1.0,1.0
astrocyte-like glial cells,-0.04945365186007442,-0.013231541035014413,-0.03622211082506001,-0.04982602153245039,-0.01338913069217798,-0.03643689084027241,-7.421220624449414,0.9999999999999419,logFC,1.0,1.0
dorsomedial neurosecretory cell and myoinhibitory peptide neuron,-0.057127772414463436,-0.018557021489217437,-0.038570750925246,-0.05744166088220606,-0.018848839347683843,-0.03859282153452222,-7.860326074011164,0.9999999999999981,logFC,1.0,1.0
Tm20,-0.019651512373147186,0.02005732253335278,-0.03970883490649997,-0.020545761628717435,0.02028069737007672,-0.040826458998794155,-8.31525831535039,1.0,logFC,1.0,1.0
Lawf2,-0.037483920904068636,0.0032308616506490717,-0.04071478255471771,-0.03787830229293682,0.004085713149093298,-0.04196401544203012,-8.546948153405598,1.0,logFC,1.0,1.0
Tm9,-0.03295557771236489,0.00902037868773048,-0.04197595640009537,-0.0319886354556407,0.012582698557181107,-0.0445713340128218,-9.077989246809839,1.0,logFC,1.0,1.0
Tm3a,-0.17675452421759355,-0.13450629427141708,-0.04224822994617647,-0.2104325738247663,-0.061123949663006764,-0.14930862416175952,-3.3399775224750257,0.9995810741452883,DTFA,1.0,1.0
adPNs,-0.014578814405320967,0.03149113565069321,-0.04606995005601418,-0.014748047219544739,0.031833322847997315,-0.04658137006754205,-9.487379858389948,1.0,logFC,1.0,1.0
T1/Mt1,0.04185068702940842,0.08852754078095869,-0.04667685375155027,0.04356761652678773,0.09191610934157558,-0.048348492814787855,-9.847295522854372,1.0,logFC,1.0,1.0
DN1 and ITP and LNv and Hugin,-0.08477235210890155,-0.023980663340315685,-0.060791688768585865,-0.08591287386186326,-0.023681338647111028,-0.062231535214752234,-12.6749001349045,1.0,logFC,1.0,1.0
T3,-0.06610986883846463,-0.0007048508357865981,-0.06540501800267803,-0.06650066158562462,0.00021982098111045852,-0.06672048256673507,-13.58917871088504,1.0,logFC,1.0,1.0
perineurial glial cells,-0.056329765313681036,0.022403608712585774,-0.07873337402626682,-0.05827841206833138,0.022805417481424995,-0.08108382954975638,-16.514608526886434,1.0,logFC,1.0,1.0
Mi1,-0.043075323978639224,0.053708841223094515,-0.09678416520173375,-0.043434556647146405,0.0549938457528411,-0.09842840239998751,-20.047234357192824,1.0,logFC,1.0,1.0
cell body glial cell,-0.09585074176760879,0.0020827989021644775,-0.09793354066977326,-0.09903551964868029,0.004783609758546809,-0.1038191294072271,-21.14518134235891,1.0,logFC,1.0,1.0
Dm3,-0.10576008394291996,-0.007666754256270114,-0.09809332968664984,-0.10922812791710702,-0.008055997200895207,-0.10117213071621181,-20.606058469203624,1.0,logFC,1.0,1.0
adPNs,0.17935887585403187,0.28144191518629513,-0.10208303933226326,0.11586589632191946,0.6085848260898169,-0.49271892976789744,-11.02193633865265,1.0,DTFA,1.0,1.0
C3,-0.07632883018978971,0.032004954707314764,-0.10833378489710448,-0.07931385659634461,0.03339739344515919,-0.11271125004150381,-22.95626860925737,1.0,logFC,1.0,1.0
outer photoreceptor cell,-0.17338954509522017,-0.055253147221278255,-0.11813639787394192,-0.17287790174803055,-0.06738744456059083,-0.10549045718743973,-2.359781679187838,0.9908571535651639,DTFA,1.0,1.0
TmY5a,0.1251406856884546,0.26914794949072535,-0.14400726380227075,0.11680429596540658,0.4955754056596804,-0.3787711096942738,-8.472966646395548,1.0,DTFA,1.0,1.0
TmY14,-0.199610547530349,-0.0407203080934631,-0.15889023943688588,-0.3039100412283357,-0.058931586836266904,-0.2449784543920688,-5.480075486287575,0.9999999787427795,DTFA,1.0,1.0
myoinhibitory peptide neuron,-0.024491151002255074,0.15397233736414953,-0.1784634883664046,-0.005327624195470504,0.2215282277615241,-0.2268558519569946,-5.074679715469123,0.9999998059253842,DTFA,1.0,1.0
DN1 and ITP and LNv and Hugin,-0.1962975112907449,-0.004771033579988587,-0.19152647771075632,-0.2863122871853764,0.09615311581498706,-0.38246540300036347,-8.555606592165871,1.0,DTFA,1.0,1.0
Tm9,-0.30336084063904706,-0.10856062953525294,-0.1948002111037941,-0.49745919823388035,-0.08320543565199998,-0.4142537625818804,-9.266700188230315,1.0,DTFA,1.0,1.0
Tm20,0.0034213315376954343,0.2275527432108093,-0.22413141167311385,-0.251758955258198,0.34085238324551764,-0.5926113385037157,-13.25649178859143,1.0,DTFA,1.0,1.0
Dm3,-0.33021681850521073,-0.09956956453461703,-0.2306472539705937,-0.8558550502761287,-0.14439318621013733,-0.7114618640659914,-15.915133150675672,1.0,DTFA,1.0,1.0
Lawf2,-0.3325226884074047,-0.08668724903506272,-0.24583543937234195,-0.7169049184534128,0.007215515763787206,-0.7241204342172,-16.19830058329433,1.0,DTFA,1.0,1.0
subperineurial glial cell,-0.26843290986296003,0.012369864887497854,-0.2808027747504579,-0.5358826209047955,-0.05336373592526251,-0.48251888497953305,-10.793765189714415,1.0,DTFA,1.0,1.0
TmY8,-0.30048340367341064,-0.013017979434515034,-0.2874654242388956,-0.4542986338455038,-0.025684512524650267,-0.4286141213208535,-9.587935988721553,1.0,DTFA,1.0,1.0
Mi1,-0.09421713787397205,0.20077294651862782,-0.2949900843925999,-0.14570741589708883,0.48011995517647194,-0.6258273710735608,-13.999521890113822,1.0,DTFA,1.0,1.0
R7/R8,-0.20069744791881194,0.17208193060542304,-0.372779378524235,-0.24819491974449784,0.5148568254969224,-0.7630517452414202,-17.069179304944775,1.0,DTFA,1.0,1.0
T1/Mt1,-0.3104082735016423,0.08120012778182975,-0.3916084012834721,-0.6539584199764145,0.1417551070803034,-0.7957135270567178,-17.799811026451305,1.0,DTFA,1.0,1.0
perineurial glial cells,-0.3191670634599521,0.0846174567782732,-0.4037845202382253,-0.7374957994397224,0.12422316523075635,-0.8617189646704788,-19.27632773289586,1.0,DTFA,1.0,1.0
T2a/T3,-0.31142712071953693,0.1055255057407606,-0.4169526264602975,-0.592090409150526,0.2349026698021891,-0.8269930789527151,-18.499522786788315,1.0,DTFA,1.0,1.0
T3,-0.3379013639149842,0.08387393232117729,-0.4217752962361615,-0.8280627710424494,0.18140880629942993,-1.0094715773418794,-22.58149786610125,1.0,DTFA,1.0,1.0
C3,-0.32549663988316513,0.11281894745470716,-0.4383155873378723,-0.8643081510483265,0.3907944607912033,-1.2551026118395296,-28.07617132284427,1.0,DTFA,1.0,1.0
