TF,Female_RP0897,Female_RP0231,Female_RP0883,Female_RP0457,Female_RP0609,Female_RP0446,adj_Male_High_Mid_p_val,adj_Female_High_Mid_p_val,adj_avg_High_Mid_p_val
vnd,-1.0264020856637803,-0.784690387802125,-0.8300628364510928,1.1589449418844175,1.0714602631983525,1.0721523887397346,1.0,0.051924087715108536,1.0
cad,-0.27201750187815643,-0.1259756787481572,-0.21944219063366602,0.38160084711664916,0.4695406331617828,0.49212782381057285,1.0,0.05250561380422525,1.0
opa,-1.0292231682845927,-0.742320180035164,-0.7631254115798275,1.3099812919712037,1.2002442376513254,1.2009878159103653,1.0,0.07918038298859434,1.0
Scr,-0.7382067809160804,-0.7059146285194666,-0.4803827682481864,0.8763469208693085,0.9949690385748692,0.9465964529859783,1.0,0.09850274547321405,1.0
bsh,-1.0060366893853119,-0.9070935015203144,-0.6867259050025892,1.1738624995746352,1.121213314837715,1.1154072313016503,1.0,0.2261511984650015,1.0
Ets21C,1.5046035223299317,0.7333393221608611,1.1706809344408038,-1.381484181974732,-0.8459469301122594,-0.8603977808335331,1.0,0.27975825690427664,1.0
dmrt99B,-1.0286717748016365,-0.8803669958674106,-0.6979606004913932,1.1971091466569121,1.1735707543741343,1.1643592680067685,1.0,0.28238568916442025,1.0
lms,-0.7797207657289316,-0.5988217383268987,-0.5573746052728407,0.6443535807803236,0.6426765395675768,0.6840340556032222,1.0,0.28358844229561025,1.0
PHDP,-1.2484449913583295,-1.0403872085511954,-0.7897353299257422,1.3913190637148438,1.2989128319157708,1.2919320049742604,1.0,0.2869590844618134,1.0
gcm,-1.2604034173860355,-1.0655312280607105,-0.8277660504229905,1.365824693748183,1.3048318486336905,1.308811188203657,1.0,0.3203190623102806,1.0
lab,-0.991892416669669,-0.8367500830475644,-0.6384609060538252,1.0190913751731678,0.9701899493606804,0.9530468798718044,1.0,0.340463744730022,1.0
odd,-1.2110193312268556,-1.064146832130697,-0.7491591560232294,1.322546983051326,1.2663973604727323,1.2582022768754384,1.0,0.42259460053985765,1.0
B-H2,-1.245625190110943,-1.0330907327358756,-0.7495925622227931,1.3585358175476725,1.28696892721372,1.2815491802509629,1.0,0.4346827749832401,1.0
ct,-0.43775050047031494,-0.46755069065334315,-0.2213210623953554,0.4524248087685177,0.5339844846339759,0.550283658415849,1.0,0.46405214988945437,1.0
Six4,-1.2804853425880278,-1.0421609338772626,-0.7744976631426754,1.2797532125232651,1.1994380737804111,1.2100744244158737,1.0,0.47486981878522444,1.0
fkh,-1.341320456624584,-1.134418202947021,-0.8084023240466385,1.407674289700021,1.3454284902607765,1.341627606906465,1.0,0.48764973341514345,1.0
Ubx,0.743609567757483,0.7149422004008428,0.7211703027134583,-0.9852375969716131,-0.7971477226027559,-0.6622599268800698,1.0,0.48825549031721033,1.0
HHEX,-0.5139803968332712,-0.35841313587218493,-0.286605742508975,0.6872049484350962,0.6725882182389398,0.6976605021495039,1.0,0.5066938202984148,1.0
tin,-0.772766070532821,-0.6300765817395668,-0.4695940370401962,0.8001737934623134,0.8044901007111357,0.7945467542804747,1.0,0.5296983912938082,1.0
GATAd,4.0692805767671265,4.5218506424279745,2.4857459299591156,-3.6547693364868405,-4.281654848436054,-4.010548630487833,1.0,0.5349370286258188,1.0
ftz,-1.20729362897437,-0.9509270528638812,-0.7196053749755525,1.2580620980050135,1.218836978559355,1.2143973158486754,1.0,0.5436506368330905,1.0
CG34031,-1.3045721225514995,-1.048709926190527,-0.7687328413748553,1.377511580617392,1.344246127908876,1.3284025421452146,1.0,0.554411925533181,1.0
Ptx1,-1.350332401644476,-1.1528705517239717,-0.7769549046099761,1.4040590920273461,1.3472278484889275,1.348739323930255,1.0,0.6035687481591514,1.0
hb,-1.2361525172550718,-1.0428048342839717,-0.6901900948650521,1.3088325018929896,1.2364632261739297,1.2341540755754312,1.0,0.6047004656968882,1.0
hth,-1.335209579752028,-1.1230446808383638,-0.7588830033171636,1.4006993677518158,1.3421975690094508,1.3443341751649471,1.0,0.6146977806337688,1.0
Deaf1,-1.3568862365565029,-1.1624969695781537,-0.7775416493094706,1.4038638707810254,1.348586487920267,1.3505978164977095,1.0,0.6199267512767482,1.0
dve,-1.35687520832609,-1.1620147652833293,-0.7763087129963494,1.4041297018856993,1.348621205476472,1.3503296893363068,1.0,0.6223698494382504,1.0
usp,-0.6706650928543894,-0.40237175145652737,-0.8173661107845009,0.6200633885696466,0.44152255302245985,0.4952193161159721,1.0,0.6514829305236853,1.0
dl,-0.1914480870726885,-0.35599597905051117,-0.3767254116278995,0.315682854091029,0.08987945053523828,0.1908631861313524,1.0,0.6562501086204242,1.0
kni,0.39907757646941694,0.5364937714020227,0.35877603435432276,-0.5049973070454611,-0.20792602564919668,-0.25192578321760023,1.0,0.6674463277037554,1.0
ems,-1.2590080176858613,-1.0653339106576165,-0.6952231705760521,1.295381172772171,1.2385065622331444,1.2361548406894765,1.0,0.6849760094938158,1.0
grh,0.10210665183523039,0.8337464023934328,0.5696034254673841,-1.4219570546475788,-0.9428939400107262,-1.0303078068828064,1.0,0.6864199260821829,1.0
Pdp1,-1.1812040887882143,-0.9705474791838428,-0.6599155819325542,1.217320080230873,1.1879602247502847,1.187873768812986,1.0,0.6883249615163781,1.0
ro,-1.3103682682130937,-1.1325751654523515,-0.7186016027822534,1.3592502986350543,1.2992596394487268,1.3019829905932587,1.0,0.7056717263195991,1.0
Su(H),-1.1359094715483966,-0.9993599681977515,-0.6369350097985209,1.1564708861104207,1.1545255659795282,1.146210546345001,1.0,0.7221434558390017,1.0
exex,-0.7528541330072084,-0.49192437351121443,-0.42512391195543187,0.7752422540644893,0.74382084762514,0.7833066460665615,1.0,0.7284179625186904,1.0
D,-1.2527410861597184,-0.8533774503271524,-0.7351555193714487,1.222064399982445,1.2020050857001208,1.2049458009635599,1.0,0.734513676043543,1.0
Antp,-0.2357202882182377,-0.09491430901452723,-0.2223869737696915,0.19156448232610454,0.21126810655439096,0.2533290741207676,1.0,0.8176602745479449,1.0
M1BP,-1.0918176119993233,-1.060827020284662,-0.5873125220169322,1.1996790426706374,1.1992675556681256,1.1836862493539013,1.0,0.8385800086627648,1.0
Kr,0.6170099647580013,0.23243677802859558,-0.7049965959836587,-0.3907256212760134,-0.3996945848879552,-0.4934897289366006,1.0,1.0,1.0
Lmx1a,0.25325221236670786,-0.2233699130863992,0.7728223210865621,-0.052273392254990954,0.04688266913898622,0.01496588477496878,1.0,1.0,1.0
sv,-0.24112981229042893,0.03822065096678748,-0.19860184423718769,0.3512353292695635,0.3147575068904265,0.3201276955574171,1.0,1.0,1.0
CG18599,-0.8592681399909763,-0.23163623734530697,-0.025274728745386475,0.5263332691261615,0.5905135131351006,0.5769987805793128,1.0,1.0,1.0
pho,-0.8439968511131943,-0.461445857625589,-0.3414747832901302,0.6339321401642454,0.5984797640947834,0.6172217199885242,1.0,1.0,1.0
caup,2.0989858588492734,3.947149628086487,-0.050581878812522615,-1.8354012353982023,-2.6490764234414867,-2.5361159693894266,1.0,1.0,1.0
ara,-0.41615012395712236,-0.14638354259442926,0.18563351672851175,0.19997238573898427,0.1489790939331222,0.28329167448350295,1.0,1.0,1.0
zld,0.753303447354201,0.12755212791264992,-0.31187724133471184,-0.6659047321769732,-0.312283641623179,-0.43469514736910636,1.0,1.0,1.0
schlank,-0.5975854309485931,-0.40013316270717825,-0.1811315692197017,0.6857081371004823,0.760135082047959,0.7885392699108488,1.0,1.0,1.0
slbo,0.12094819188632741,0.30238829744019624,-0.9940948922643201,0.1520393902206814,-0.24904575199630882,-0.2673648501600482,1.0,1.0,1.0
H,-0.41287032139330326,-0.40112515961797973,0.03301884036280285,0.6412614737193284,0.601452473342132,0.589927155063757,1.0,1.0,1.0
nub,0.7204840134375873,0.43640757009451747,0.2842761345050881,-0.6993028203157844,-0.6167842817736444,-0.7179034822777324,1.0,1.0,1.0
OdsH,1.3886867276942183,0.1119119284700534,0.18218163379500915,-0.9028511574487925,-0.6166251930361085,-0.7629248685443988,1.0,1.0,1.0
brk,2.2195166214016355,1.5269325566939735,-0.6243770346001783,-2.2223832685103297,-2.077052297949297,-2.73504310194014,1.0,1.0,1.0
BEAF-32,0.7528137673347127,0.3423084770010531,0.1310720132671379,-0.6890607375016422,-0.5408639903473339,-0.5256888046495015,1.0,1.0,1.0
Stat92E,0.659853586082348,0.1430218866655933,0.23370853485207777,-0.32459641208193224,-0.20861926227349079,-0.15631668489126763,1.0,1.0,1.0
Abd-B,-0.6485129362129608,-0.6757589493500168,-0.02147624566785118,0.7022886375403771,0.7678732807005275,0.7808309258503732,1.0,1.0,1.0
Pph13,-0.05819630572595561,0.45704827185795716,0.14456423532332083,0.14021945782548037,0.07545019457266931,0.07004394169427675,1.0,1.0,1.0
slp1,-0.5710752802563253,-0.3160082672024096,0.720546210806599,-0.4921100928780343,-1.1230148598606977,-0.7208207667182006,1.0,1.0,1.0
Trl,-0.08249655523991556,0.05791819799786891,0.03571140097818803,0.32797995175805694,0.2301745157745093,0.2186971456889566,1.0,1.0,1.0
vis,1.699514073972658,1.3318793239838265,0.29067504647492637,-1.702126038839212,-0.8876567963943914,-1.1008603396359447,1.0,1.0,1.0
sd,0.9524779650544779,1.3739373782383837,0.3626166242829195,-0.8484021518033391,-0.7593079610680974,-0.7197447411128796,1.0,1.0,1.0
hkb,-0.2064532114347471,-0.30772650072042745,0.24849083056009194,0.08160242597707452,0.14358986253325082,0.21234491521755003,1.0,1.0,1.0
Lim3,-0.5839869360079932,-0.18900825885413733,-0.309067436841654,0.548779420649431,0.5075623853965396,0.5313726427831578,1.0,1.0,1.0
Dr,0.1899720264382059,-0.15681263266998968,-1.2765598178002298,-0.005406967343941534,-0.10820380063094165,-0.03014390399567077,1.0,1.0,1.0
pb,-0.6659273485833698,-0.14187017141665167,-0.6034756030126934,0.1831971685192177,0.2662789567798687,0.27901044827236876,1.0,1.0,1.0
su(Hw),-0.13945923529217197,-0.2429031890099036,0.6383809387676527,0.09818478924058192,0.2474193177816352,0.2156794392446646,1.0,1.0,1.0
bap,0.22144941335782214,0.33396846057950885,1.7363196402121626,-0.11593438114714645,-0.2944036388294001,-0.10436218949969633,1.0,1.0,1.0
btd,0.27377187560449867,0.08408142205109305,0.4762926620440206,-0.08173691295574138,-0.08194500591501593,-0.07083598308639998,1.0,1.0,1.0
CG11617,-0.5769153535511827,-0.07823027085797278,-0.7164279641159014,0.3301747568588854,0.3485991227447614,0.3306032389423162,1.0,1.0,1.0
CG9876,-0.26025093675736416,0.3928033552759458,-0.2741350432622486,-0.15374962885076252,-0.08913195696449597,-0.1575211468159882,1.0,1.0,1.0
Vsx1,-0.4845607860188356,-0.05806915625413671,0.6142495517581171,-0.7282882331461946,-1.681756775566447,-1.2174767225340115,1.0,1.0,1.0
slou,-0.1751181114176753,-0.02993829341694442,-0.2591108468279553,0.06701513980070856,0.013144166967952597,0.05346008977829446,1.0,1.0,1.0
otp,-0.6353515973330488,-0.243567648039532,-0.46942073907212284,0.603938586608747,0.6387425871756467,0.6127312405218756,1.0,1.0,1.0
CG11294,-0.09285495864892782,-0.4059719446670789,1.0447781694586862,-0.275718231567541,-0.29340450907159493,-0.3138306888989039,1.0,1.0,1.0
z,-0.5335112354490289,-0.4602927782244277,0.0023810107456848323,0.4292719022127684,0.38275318733182456,0.3504913924325756,1.0,1.0,1.0
CTCF,0.5085912790865664,0.891764916952928,-0.31443301301023596,-0.5201307606656087,-0.6580866870221511,-0.554705102990943,1.0,1.0,1.0
Gsc,-0.15065911218409592,-0.36360902374921134,1.5385938032214452,-0.028130528373119246,0.03708265391837059,0.03497313006755957,1.0,1.0,1.0
E5,0.14113772153341392,0.04710741810537453,0.017505052360979195,0.15967954817785798,0.08141781126969823,0.0819265060247458,1.0,1.0,1.0
Lim1,1.7581037519028786,3.9638116994614734,-1.5216032264735098,-2.0688237185430416,-1.9251415546252943,-2.10889235989924,1.0,1.0,1.0
gcm2,1.8825779805559602,0.33457398923888276,3.7535094501425093,-0.7359777437081817,-0.6048914001990395,-0.37011830195726525,1.0,1.0,1.0
Vsx2,-0.7445913130367023,-0.21733653048916893,-0.35229927724880145,0.5347841872598332,0.4163681575807813,0.45712339476479824,1.0,1.0,1.0
lbl,-0.2789446012243973,-0.830643614476958,-0.18711064490241136,-0.01396183630795466,-0.1489178745575906,-0.0983482783722349,1.0,1.0,1.0
cnc,0.35575332319809844,-0.15729159298115467,0.5139665691200159,-0.10073897208857473,-0.05093586013092784,-0.14470490814450343,1.0,1.0,1.0
Bgb,-0.45785653459057746,-0.10100786697321723,-0.2043107355082151,0.3015946390211221,0.1750388999043709,0.19397539136509676,1.0,1.0,1.0
Cf2,-0.9090644360358151,-0.8235283840127569,-0.1330282975245524,0.8041813592055349,0.738092687482757,0.7231883484469039,1.0,1.0,1.0
onecut,2.54880663514627,0.8806047776669261,0.7805975418309589,-1.356663985588128,-1.1975155092128347,-1.3230738592534748,1.0,1.0,1.0
ap,-0.7739063497272312,-0.329129907396798,-0.4644733444959555,0.8895550784257309,0.7961886270304435,0.8186568391025882,1.0,1.0,1.0
twi,1.921645846409993,-0.33756421534402153,1.6458713613693094,-2.4923848255304457,-1.9092469704993131,-2.1698322227208857,1.0,1.0,1.0
so,-0.23252643610278076,0.17172280262040576,-0.1621271792001618,-0.13395721660187035,-0.1295714325958405,-0.1210295046725432,1.0,1.0,1.0
oc,0.5521448450073353,0.2971105787051552,1.9517621731073875,-0.5648563738510909,-0.15269498211684984,-0.27738678805464295,1.0,1.0,1.0
B-H1,0.13396161234425844,0.4091461839085048,-0.47799153669090605,-0.061033297429758555,0.016043839020973952,0.0693908021399864,1.0,1.0,1.0
Dref,1.1045284104177642,-2.17434178580981,-0.09845914346426231,-1.3498676184883605,-1.499034263521288,-1.551479630536809,1.0,1.0,1.0
dsx,0.14304389987265131,-0.2688172202964957,1.4475042250571613,-0.24225447369270633,0.08482376869834857,-0.02799711491845528,1.0,1.0,1.0
mirr,0.07934354755466576,-0.04735551623137307,-0.053214531739506514,0.1971515818469748,0.11061413385301364,0.0700288549170088,1.0,1.0,1.0
Hnf4,-0.12150375200413152,0.3059198948397061,-0.07378833995800096,0.06995295809036964,-0.009333720833623112,-0.0188932938363706,1.0,1.0,1.0
exd,-0.2182127212854115,-0.4761219963739243,-0.18809440249803866,0.2880614782747874,0.39380171810170905,0.3763299634063857,1.0,1.0,1.0
gt,-0.4425718450373317,0.5608659866031416,0.04429440110600216,0.07431493861952922,-0.08736769356781723,-0.09643545442140312,1.0,1.0,1.0
repo,-0.2928219182954896,-0.011470036052124951,0.13460361706455257,-0.036763983033519354,-0.01679324187492445,0.0026669813058723102,1.0,1.0,1.0
pnr,-0.24768340609831646,0.3494971633572049,-0.7682662123307411,-0.20829533689076013,-0.07283026959149694,-0.11108492434894134,1.0,1.0,1.0
Dll,0.5327076039738637,-0.34618255962880473,-1.9963865864083614,-0.34534994803681573,-0.4639818375113011,-0.46131774639162754,1.0,1.0,1.0
al,0.22298607853037306,0.12429608937014919,-0.42301297772964586,0.09736184330734952,0.26800153997234527,0.2876720842432272,1.0,1.0,1.0
Optix,-0.2702102248431685,0.1521631488436854,-0.13605111538816758,0.22287786079526617,0.24146923542763846,0.27427714643970075,1.0,1.0,1.0
kn,-0.7397203147809274,-0.2027690210504599,-0.630939764769467,0.5750664708692358,0.5493718191484609,0.4907447264982589,1.0,1.0,1.0
H2.0,-0.04526367807709901,-0.003162116815197275,-0.07748780011535326,0.1569254139731676,0.30676811164701173,0.23921954271243062,1.0,1.0,1.0
bcd,0.2314639858877393,4.150466068809176,1.072116324211381,-2.590983832061811,-2.7349642322550305,-2.510309034352143,1.0,1.0,1.0
ovo,0.16947827417755845,-0.2581472524268692,0.713774965655116,0.3456949779347113,0.1819795837532303,0.24048034124741594,1.0,1.0,1.0
Tbp,-0.11994875436847735,-0.35494476659048424,-0.05499103822787565,0.39827988853775287,0.4971152533675788,0.49687811631123635,1.0,1.0,1.0
CG4328,-0.4791904255476077,-0.5855735487497761,-0.1374472315807417,0.6358453270371104,0.6787250408235945,0.7268216415726592,1.0,1.0,1.0
msl-1,0.03229862844937457,-0.08163275845997607,-1.0412106671966237,0.33777461308546247,0.20827012843721554,0.11204693205862155,1.0,1.0,1.0
Hsf,1.0278960040461402,0.38801808308798985,0.4833766464797679,-0.5852227885817518,-0.4182833679004894,-0.5164276680492275,1.0,1.0,1.0
HGTX,-0.6860967704340328,-0.8143483594980764,-0.21947311111746215,0.8906764135980225,0.7589127002623512,0.7271575220886715,1.0,1.0,1.0
Mad,3.436077098608853,1.4615823732671118,1.3160962334303177,-1.648442145332759,-1.9919228118738244,-2.1285662798659453,1.0,1.0,1.0
C15,-0.39438880922915803,-0.6238133931088008,0.6911168453082371,0.49559908974212785,0.24801073885558242,0.38701186767424034,1.0,1.0,1.0
sna,1.351620955537484,2.1558781949065104,-2.531368570822344,-2.621367450559425,-2.347729467224243,-2.6663966329187736,1.0,1.0,1.0
en,0.08502412614119242,0.23232542311394153,0.34067086949463804,0.1844288623603141,-0.15254647220949472,-0.10238891610711202,1.0,1.0,1.0
Dbx,1.1321269681155777,0.6213576688284427,1.2605270100733879,-0.7477402023532814,-0.7770134787117287,-0.6069437498985861,1.0,1.0,1.0
abd-A,1.3417173250601024,0.3549615866086156,0.008009683247181775,-0.7391434073592885,-0.7156643018169772,-0.7742037034059572,1.0,1.0,1.0
EcR,-0.14482257567962328,-0.22138143118256326,0.29857829472529446,0.010082841752948893,-0.06808325824930264,0.03648216316406422,1.0,1.0,1.0
vvl,0.6534705841969553,-0.5377059961385167,2.7183917940585225,-0.5885116097486014,-0.5336769749777576,-0.5165908556102357,1.0,1.0,1.0
ind,0.5483520745968483,1.397873716465058,-1.2181688818989262,-0.47186690321866587,-1.0207948277944305,-1.0452282329620584,1.0,1.0,1.0
br,0.11603101232456371,0.027841247979204627,0.02672318681538705,-0.4966316039274275,-0.2529897445680848,-0.14833994625911184,1.0,1.0,1.0
eve,2.5604493908354278,2.446550892717586,-3.2822679024424493,-3.4926939118996345,-3.8795960082479266,-3.4377943799911357,1.0,1.0,1.0
unc-4,0.16322418122084043,0.3228189046383766,1.5987689955398667,-0.4927976405414852,-0.23991267231361582,-0.1537347869572908,1.0,1.0,1.0
unpg,1.207401735402792,0.908778452593445,-0.4877515728855448,-1.0752275289519109,-0.9171498074767013,-1.0929126355805312,1.0,1.0,1.0
pan,0.5574271454754935,0.3123349457159329,3.9575455185636654,-0.9360027714311087,-0.6936317685116387,-0.6509082867141459,1.0,1.0,1.0
Dfd,0.20005503818845383,-0.21107244918888662,2.6014425100150835,-0.4726165605154751,-0.0892874631509031,-0.21896881442356447,1.0,1.0,1.0
tup,1.1245141782734631,0.36383287123076197,0.6294335998016144,-0.3823212191725576,-0.4462497579607015,-0.3763015632389979,1.0,1.0,1.0
CG11085,-0.0442694295526675,0.09956850278094327,0.26911427705127466,0.01747784789929628,0.07829478515272814,0.11784193412892628,1.0,1.0,1.0
Clamp,0.9537956198133735,1.4291220085713796,-1.4455269081370161,-1.319570926834747,-1.1493072491889267,-1.2841393487190336,1.0,1.0,1.0
Eip74EF,1.378757138646186,-0.28230258613092735,1.155659638732851,-0.8428489063083336,-0.6852508784450183,-0.811727637137669,1.0,1.0,1.0
lbe,-0.04424539278888147,1.0525004049078464,-0.6395029120622964,-0.6729210941501607,-0.4028170265390325,-0.4241796173237575,1.0,1.0,1.0
Awh,-0.6268696565116095,-0.6045045147481595,-0.20406072436373296,0.5324782482425424,0.5671317266132253,0.5536695573184348,1.0,1.0,1.0
Hmx,0.2934253271632584,0.04187050561467181,0.03775503061370046,-0.1068611108013498,0.1594977647358786,0.13827948038781918,1.0,1.0,1.0
ttk,0.04162950899263563,-0.022521468496402266,0.6874331128606628,0.0755161330433038,0.23118804653612163,0.15295657639006627,1.0,1.0,1.0
inv,-0.6078917642367465,-0.693187456228434,-0.16480558954734564,0.8220202381496766,0.795405571649599,0.8043129201929672,1.0,1.0,1.0
prd,-0.34091160555058025,0.6476550817344262,-0.04779391328314899,-0.10986318175799749,-0.1916067979623876,-0.22040141297060298,1.0,1.0,1.0
Rx,0.14537982979706868,-0.12492790901891232,-0.09212468968165911,0.2025388004612118,-0.10719197193611962,0.04289680601494167,1.0,1.0,0.8857764345910234
hbn,1.4030990928351594,-0.2949294204949256,-0.5914079955177503,-1.1600612613985464,-1.0469584563896768,-1.2140782926964924,1.0,1.0,1.0
NK7.1,-0.4452075275019276,-0.33246853225125134,0.031465434858640506,0.4845550566299385,0.4775403726502411,0.5304085983714711,1.0,1.0,1.0
Elba2,-0.1607253766741947,-0.08620737123155314,0.4247837492104073,0.08959456958702089,0.3440181364224824,0.23879971317781457,1.0,1.0,1.0
achi,1.3534876011536072,1.1228752132779785,2.0837788580698042,-0.8875038689389615,-0.8267871198015591,-0.8975911489744862,1.0,1.0,1.0
CG32532,0.3845479188625382,-0.1290779830327407,1.7977689346936179,-0.49902187835298367,-0.7548612224927183,-0.6764708692786452,1.0,1.0,1.0
