Pangea - PAthway, Network and Gene-set Enrichment Analysis

[Select]	Gene Set Category	Gene Set ID	Gene Set Name	Gene Set Size	Count Overlap Gene	Percentage Genes in Gene Set	Fold Enrichment	log2 fold	P value	P value calc log_10	Bonferroni	Benjamini & Hochberg	Benjamini & Yekutieli	Overlaping Gene Symbols	Overlapping Gene IDs
	GO Biological Processes	GO:0042493	response to drug	163	5	19.231	9.7357	3.283	0.000132934143188078	3.87636345928484	0.0672646764531673	0.0315730930604063	0.214846694039613	alpha-Man-Ia,Cam,EcR,Rdl,Syt1	FBgn0259170,FBgn0000253,FBgn0000546,FBgn0004244,FBgn0004242
	GO Biological Processes	GO:2001259	positive regulation of cation channel activity	7	2	7.692	90.6813	6.503	0.000198542140772229	3.70214729966939	0.100462323230748	0.0315730930604063	0.214846694039613	Cam,Hk	FBgn0000253,FBgn0263220
	GO Biological Processes	GO:0042749	regulation of circadian sleep/wake cycle	42	3	11.538	22.6703	4.503	0.000293846422638726	3.53187959212916	0.148686289855195	0.0315730930604063	0.214846694039613	EcR,Hk,Rdl	FBgn0000546,FBgn0263220,FBgn0004244
	GO Biological Processes	GO:0050804	modulation of chemical synaptic transmission	110	4	15.385	11.5413	3.529	0.000356418567746664	3.44803967932689	0.180347795279812	0.0315730930604063	0.214846694039613	cac,cpx,Rdl,Syt1	FBgn0263111,FBgn0041605,FBgn0004244,FBgn0004242
	GO Biological Processes	GO:0042745	circadian sleep/wake cycle	47	3	11.538	20.2586	4.34	0.000410731701519401	3.38644177568638	0.207830240968817	0.0315730930604063	0.214846694039613	EcR,Hk,Rdl	FBgn0000546,FBgn0263220,FBgn0004244
	GO Biological Processes	GO:0032414	positive regulation of ion transmembrane transporter activity	10	2	7.692	63.4769	5.988	0.000422979168068233	3.37368102131479	0.214027459042526	0.0315730930604063	0.214846694039613	Cam,Hk	FBgn0000253,FBgn0263220
	GO Biological Processes	GO:0034220	ion transmembrane transport	216	5	19.231	7.3469	2.877	0.000492449846679549	3.30763799342919	0.249179622419852	0.0315730930604063	0.214846694039613	cac,Cam,Hk,para,Rdl	FBgn0263111,FBgn0000253,FBgn0263220,FBgn0285944,FBgn0004244
	GO Biological Processes	GO:0016545	male courtship behavior, veined wing vibration	12	2	7.692	52.8974	5.725	0.000617968616603597	3.20903357989818	0.31269212000142	0.0315730930604063	0.214846694039613	cac,para	FBgn0263111,FBgn0285944
	GO Biological Processes	GO:0048065	male courtship behavior, veined wing extension	12	2	7.692	52.8974	5.725	0.000617968616603597	3.20903357989818	0.31269212000142	0.0315730930604063	0.214846694039613	cac,para	FBgn0263111,FBgn0285944
	GO Biological Processes	GO:0006811	ion transport	350	6	23.077	5.4409	2.444	0.000623974171154275	3.20483338717228	0.315730930604063	0.0315730930604063	0.214846694039613	cac,Cam,Hk,para,Rdl,Syt1	FBgn0263111,FBgn0000253,FBgn0263220,FBgn0285944,FBgn0004244,FBgn0004242
	GO Biological Processes	GO:0006812	cation transport	237	5	19.231	6.6959	2.743	0.000751798153686681	3.12389874518867	0.380409865765461	0.0345827150695873	0.23532638976484	cac,Cam,Hk,para,Syt1	FBgn0263111,FBgn0000253,FBgn0263220,FBgn0285944,FBgn0004242
	GO Biological Processes	GO:0007623	circadian rhythm	141	4	15.385	9.0038	3.171	0.000911567173440188	3.04021132264313	0.461252989760735	0.036583577407947	0.248941738055313	EcR,Hk,Pdp1,Rdl	FBgn0000546,FBgn0263220,FBgn0016694,FBgn0004244
	GO Biological Processes	GO:0051049	regulation of transport	249	5	19.231	6.3732	2.672	0.000939894281231839	3.02692099284678	0.475586506303311	0.036583577407947	0.248941738055313	cac,Cam,cpx,Hk,Syt1	FBgn0263111,FBgn0000253,FBgn0041605,FBgn0263220,FBgn0004242
	GO Biological Processes	GO:0040003	chitin-based cuticle development	64	3	11.538	14.8774	3.895	0.00101855336928626	2.99201621027767	0.51538800485885	0.0368134289184893	0.25050581785787	EcR,pan,wol	FBgn0000546,FBgn0085432,FBgn0261020
	GO Biological Processes	GO:0030431	sleep	67	3	11.538	14.2113	3.829	0.00116381543338024	2.93411588791642	0.588890609290402	0.0391427959820195	0.266356555441506	EcR,Hk,Rdl	FBgn0000546,FBgn0263220,FBgn0004244
	GO Biological Processes	GO:0045938	positive regulation of circadian sleep/wake cycle, sleep	17	2	7.692	37.3394	5.223	0.00126111216425722	2.89924628523369	0.638122755114152	0.0391427959820195	0.266356555441506	EcR,Hk	FBgn0000546,FBgn0263220
	GO Biological Processes	GO:0042391	regulation of membrane potential	70	3	11.538	13.6022	3.766	0.00132156616480928	2.8789110888378	0.668712479393494	0.0391427959820195	0.266356555441506	cac,para,Rdl	FBgn0263111,FBgn0285944,FBgn0004244
	GO Biological Processes	GO:0098655	cation transmembrane transport	158	4	15.385	8.0351	3.006	0.00139243147762125	2.85622616751739	0.704570327676351	0.0391427959820195	0.266356555441506	cac,Cam,Hk,para	FBgn0263111,FBgn0000253,FBgn0263220,FBgn0285944
	GO Biological Processes	GO:0001707	mesoderm formation	20	2	7.692	31.7385	4.988	0.00175164206095523	2.75655463494518	0.886330882843347	0.0443165441421673	0.30156256727806	pan,wol	FBgn0085432,FBgn0261020
	GO Biological Processes	GO:0050805	negative regulation of synaptic transmission	20	2	7.692	31.7385	4.988	0.00175164206095523	2.75655463494518	0.886330882843347	0.0443165441421673	0.30156256727806	cpx,Rdl	FBgn0041605,FBgn0004244
	GO Biological Processes	GO:0007435	salivary gland morphogenesis	80	3	11.538	11.9019	3.573	0.0019426014841995	2.7116162837875	0.982956351004945	0.0448708594893992	0.305334539177688	Cam,EcR,pan	FBgn0000253,FBgn0000546,FBgn0085432
	GO Biological Processes	GO:0042752	regulation of circadian rhythm	81	3	11.538	11.755	3.555	0.00201311370609864	2.69613169429338	1	0.0448708594893992	0.305334539177688	EcR,Hk,Rdl	FBgn0000546,FBgn0263220,FBgn0004244
	GO Biological Processes	GO:0048332	mesoderm morphogenesis	22	2	7.692	28.8531	4.851	0.00212139905126505	2.67337762971007	1	0.0448708594893992	0.305334539177688	pan,wol	FBgn0085432,FBgn0261020
	GO Biological Processes	GO:0051046	regulation of secretion	83	3	11.538	11.4717	3.52	0.00215889569414733	2.66576833985685	1	0.0448708594893992	0.305334539177688	cac,cpx,Syt1	FBgn0263111,FBgn0041605,FBgn0004242
	GO Biological Processes	GO:0050795	regulation of behavior	85	3	11.538	11.2018	3.486	0.00231110500349426	2.63618032219629	1	0.0448708594893992	0.305334539177688	EcR,Hk,Rdl	FBgn0000546,FBgn0263220,FBgn0004244
	GO Biological Processes	GO:0072347	response to anesthetic	23	2	7.692	27.5987	4.787	0.00231894485706349	2.63470957846756	1	0.0448708594893992	0.305334539177688	alpha-Man-Ia,EcR	FBgn0259170,FBgn0000546
	GO Biological Processes	GO:0042753	positive regulation of circadian rhythm	24	2	7.692	26.4487	4.725	0.00252486768399074	2.59776137620606	1	0.0448708594893992	0.305334539177688	EcR,Hk	FBgn0000546,FBgn0263220
	GO Biological Processes	GO:0046928	regulation of neurotransmitter secretion	25	2	7.692	25.3908	4.666	0.00273911691213358	2.56238943061173	1	0.0448708594893992	0.305334539177688	cac,cpx	FBgn0263111,FBgn0041605
	GO Biological Processes	GO:0050877	nervous system process	322	5	19.231	4.9283	2.301	0.00293297311152725	2.53269191846127	1	0.0448708594893992	0.305334539177688	cac,Cam,EcR,para,Rdl	FBgn0263111,FBgn0000253,FBgn0000546,FBgn0285944,FBgn0004244
	GO Biological Processes	GO:0009612	response to mechanical stimulus	26	2	7.692	24.4142	4.61	0.00296164213630094	2.5284674196903	1	0.0448708594893992	0.305334539177688	para,Rdl	FBgn0285944,FBgn0004244
	GO Biological Processes	GO:0019722	calcium-mediated signaling	26	2	7.692	24.4142	4.61	0.00296164213630094	2.5284674196903	1	0.0448708594893992	0.305334539177688	cac,Cam	FBgn0263111,FBgn0000253
	GO Biological Processes	GO:0042335	cuticle development	93	3	11.538	10.2382	3.356	0.00298615371563607	2.52488784023649	1	0.0448708594893992	0.305334539177688	EcR,pan,wol	FBgn0000546,FBgn0085432,FBgn0261020
	GO Biological Processes	GO:0035071	salivary gland cell autophagic cell death	27	2	7.692	23.51	4.555	0.0031923931652537	2.49588362766428	1	0.0448708594893992	0.305334539177688	Cam,EcR	FBgn0000253,FBgn0000546
	GO Biological Processes	GO:0006887	exocytosis	97	3	11.538	9.816	3.295	0.00336469754202346	2.47305396910239	1	0.0456907350156378	0.310913579089912	cac,cpx,Syt1	FBgn0263111,FBgn0041605,FBgn0004242
	GO Biological Processes	GO:0048102	autophagic cell death	28	2	7.692	22.6703	4.503	0.00343132002093723	2.46453877572237	1	0.0456907350156378	0.310913579089912	Cam,EcR	FBgn0000253,FBgn0000546
	GO Biological Processes	GO:0007269	neurotransmitter secretion	99	3	11.538	9.6177	3.266	0.00356453176103337	2.44799751124133	1	0.0462475146431509	0.314702319776513	cac,cpx,Syt1	FBgn0263111,FBgn0041605,FBgn0004242
	GO Biological Processes	GO:0035070	salivary gland histolysis	31	2	7.692	20.4764	4.356	0.00419665894954227	2.37709632322362	1	0.0508448172226398	0.345985769225486	Cam,EcR	FBgn0000253,FBgn0000546
	GO Biological Processes	GO:0048512	circadian behavior	105	3	11.538	9.0681	3.181	0.00420727215062977	2.37599939440232	1	0.0508448172226398	0.345985769225486	EcR,Hk,Rdl	FBgn0000546,FBgn0263220,FBgn0004244
	GO Biological Processes	GO:0007431	salivary gland development	106	3	11.538	8.9826	3.167	0.00432080462563935	2.36443537079246	1	0.0508448172226398	0.345985769225486	Cam,EcR,pan	FBgn0000253,FBgn0000546,FBgn0085432
	GO Biological Processes	GO:0007622	rhythmic behavior	106	3	11.538	8.9826	3.167	0.00432080462563935	2.36443537079246	1	0.0508448172226398	0.345985769225486	EcR,Hk,Rdl	FBgn0000546,FBgn0263220,FBgn0004244
	GO Biological Processes	GO:0008345	larval locomotory behavior	33	2	7.692	19.2354	4.266	0.00474685729511529	2.32359382429081	1	0.0545888588938258	0.371462999912448	EcR,Syt1	FBgn0000546,FBgn0004242
	GO Biological Processes	GO:0009584	detection of visible light	35	2	7.692	18.1363	4.181	0.00532857741897056	2.27338871997043	1	0.0586143516086762	0.398855431816774	cac,Cam	FBgn0263111,FBgn0000253
	GO Biological Processes	GO:0045187	regulation of circadian sleep/wake cycle, sleep	35	2	7.692	18.1363	4.181	0.00532857741897056	2.27338871997043	1	0.0586143516086762	0.398855431816774	EcR,Hk	FBgn0000546,FBgn0263220
	GO Biological Processes	GO:0002181	cytoplasmic translation	120	3	11.538	7.9346	2.988	0.00610923715155426	2.21401301587105	1	0.0632923951569224	0.430688302577683	RpL13A,RpL41,RpLP2	FBgn0037351,FBgn0066084,FBgn0003274
	GO Biological Processes	GO:0050802	circadian sleep/wake cycle, sleep	38	2	7.692	16.7045	4.062	0.00625941477838393	2.2034662690898	1	0.0632923951569224	0.430688302577683	EcR,Hk	FBgn0000546,FBgn0263220
	GO Biological Processes	GO:0032502	developmental process	2112	13	50	1.9536	0.966	0.00637927302965028	2.19522880986819	1	0.0632923951569224	0.430688302577683	alpha-Man-Ia,cac,Cam,cpx,EcR,mei-P26,pan,Syt1,Vsx2,wol,Yp1,Yp2,Zasp67	FBgn0259170,FBgn0263111,FBgn0000253,FBgn0041605,FBgn0000546,FBgn0026206,FBgn0085432,FBgn0004242,FBgn0263512,FBgn0261020,FBgn0004045,FBgn0005391,FBgn0036044
	GO Biological Processes	GO:0055085	transmembrane transport	394	5	19.231	4.0277	2.01	0.00693006807549796	2.15926249920235	1	0.0667622993782075	0.454300099152408	cac,Cam,Hk,para,Rdl	FBgn0263111,FBgn0000253,FBgn0263220,FBgn0285944,FBgn0004244
	GO Biological Processes	GO:0006836	neurotransmitter transport	126	3	11.538	7.5568	2.918	0.00699288906530632	2.15534336132182	1	0.0667622993782075	0.454300099152408	cac,cpx,Syt1	FBgn0263111,FBgn0041605,FBgn0004242
	GO Biological Processes	GO:0060341	regulation of cellular localization	130	3	11.538	7.3243	2.873	0.00762225635271937	2.11791644906959	1	0.0714233650828889	0.486017440099534	cac,cpx,Syt1	FBgn0263111,FBgn0041605,FBgn0004242
	GO Biological Processes	GO:0023061	signal release	134	3	11.538	7.1056	2.829	0.00828433881133017	2.08174214772135	1	0.0739201150307538	0.503007174716794	cac,cpx,Syt1	FBgn0263111,FBgn0041605,FBgn0004242
	GO Biological Processes	GO:0007267	cell-cell signaling	415	5	19.231	3.8239	1.935	0.00859841555402292	2.0655815696333	1	0.0739201150307538	0.503007174716794	cac,cpx,pan,Rdl,Syt1	FBgn0263111,FBgn0041605,FBgn0085432,FBgn0004244,FBgn0004242
	GO Biological Processes	GO:0008049	male courtship behavior	45	2	7.692	14.106	3.818	0.00869656676377974	2.06065216460239	1	0.0739201150307538	0.503007174716794	cac,para	FBgn0263111,FBgn0285944
	GO Biological Processes	GO:0030537	larval behavior	45	2	7.692	14.106	3.818	0.00869656676377974	2.06065216460239	1	0.0739201150307538	0.503007174716794	EcR,Syt1	FBgn0000546,FBgn0004242
	GO Biological Processes	GO:0032879	regulation of localization	419	5	19.231	3.7874	1.921	0.00894553968716692	2.04839345318624	1	0.0739201150307538	0.503007174716794	cac,Cam,cpx,Hk,Syt1	FBgn0263111,FBgn0000253,FBgn0041605,FBgn0263220,FBgn0004242
	GO Biological Processes	GO:0007268	chemical synaptic transmission	268	4	15.385	4.7371	2.244	0.00925536473299003	2.03360646201062	1	0.0739201150307538	0.503007174716794	cac,cpx,Rdl,Syt1	FBgn0263111,FBgn0041605,FBgn0004244,FBgn0004242
	GO Biological Processes	GO:0098662	inorganic cation transmembrane transport	140	3	11.538	6.8011	2.766	0.00933966800987979	2.02966856103327	1	0.0739201150307538	0.503007174716794	cac,Hk,para	FBgn0263111,FBgn0263220,FBgn0285944
	GO Biological Processes	GO:0099536	synaptic signaling	270	4	15.385	4.702	2.233	0.00949566695059091	2.0224745261572	1	0.0739201150307538	0.503007174716794	cac,cpx,Rdl,Syt1	FBgn0263111,FBgn0041605,FBgn0004244,FBgn0004242
	GO Biological Processes	GO:0030001	metal ion transport	143	3	11.538	6.6584	2.735	0.00989565967248056	2.00455524920202	1	0.0758667241556843	0.516253343987523	cac,Hk,para	FBgn0263111,FBgn0263220,FBgn0285944
	GO Biological Processes	GO:0060179	male mating behavior	51	2	7.692	12.4465	3.638	0.0110713424121657	1.9557997172559	1	0.0836134217993413	0.568967608481024	cac,para	FBgn0263111,FBgn0285944
	GO Biological Processes	GO:0007602	phototransduction	52	2	7.692	12.2071	3.61	0.0114920367404654	1.93960299422239	1	0.0842749360967464	0.573469041381042	cac,Cam	FBgn0263111,FBgn0000253
	GO Biological Processes	GO:0072091	regulation of stem cell proliferation	52	2	7.692	12.2071	3.61	0.0114920367404654	1.93960299422239	1	0.0842749360967464	0.573469041381042	EcR,pan	FBgn0000546,FBgn0085432
	GO Biological Processes	GO:0007619	courtship behavior	55	2	7.692	11.5413	3.529	0.0127959019203191	1.89292909741158	1	0.0851937680484403	0.579721454054761	cac,para	FBgn0263111,FBgn0285944
	GO Biological Processes	GO:0016322	neuron remodeling	55	2	7.692	11.5413	3.529	0.0127959019203191	1.89292909741158	1	0.0851937680484403	0.579721454054761	cac,EcR	FBgn0263111,FBgn0000546
	GO Biological Processes	GO:0060033	anatomical structure regression	56	2	7.692	11.3352	3.503	0.0132443026998722	1.87797090196241	1	0.0870339891705888	0.592243680611375	Cam,EcR	FBgn0000253,FBgn0000546
	GO Biological Processes	GO:0007626	locomotory behavior	170	3	11.538	5.6009	2.486	0.0157722639920878	1.80210596242893	1	0.0968406239060059	0.658975281741723	cac,EcR,Syt1	FBgn0263111,FBgn0000546,FBgn0004242
	GO Biological Processes	GO:0007369	gastrulation	62	2	7.692	10.2382	3.356	0.0160763091069259	1.79381365201088	1	0.0968406239060059	0.658975281741723	pan,wol	FBgn0085432,FBgn0261020
	GO Biological Processes	GO:0007498	mesoderm development	62	2	7.692	10.2382	3.356	0.0160763091069259	1.79381365201088	1	0.0968406239060059	0.658975281741723	pan,wol	FBgn0085432,FBgn0261020
	GO Biological Processes	GO:0016079	synaptic vesicle exocytosis	62	2	7.692	10.2382	3.356	0.0160763091069259	1.79381365201088	1	0.0968406239060059	0.658975281741723	cpx,Syt1	FBgn0041605,FBgn0004242
	GO Biological Processes	GO:0007591	molting cycle, chitin-based cuticle	63	2	7.692	10.0757	3.333	0.0165715049003848	1.7806380504065	1	0.0986491938775851	0.671282130443233	EcR,pan	FBgn0000546,FBgn0085432
	GO Biological Processes	GO:0022414	reproductive process	885	7	26.923	2.5104	1.328	0.016883165397532	1.77254612490221	1	0.0993358336180373	0.675954535454365	cac,EcR,mei-P26,para,Syt1,Yp1,Yp2	FBgn0263111,FBgn0000546,FBgn0026206,FBgn0285944,FBgn0004242,FBgn0004045,FBgn0005391
	GO Biological Processes	GO:0045055	regulated exocytosis	68	2	7.692	9.3348	3.223	0.0191443192979514	1.71796007096681	1	0.108842983873746	0.740648222521039	cpx,Syt1	FBgn0041605,FBgn0004242
	GO Biological Processes	GO:0061024	membrane organization	184	3	11.538	5.1747	2.371	0.0194526434101998	1.71102137426332	1	0.10936708406179	0.744214588113772	EcR,Syt1,wol	FBgn0000546,FBgn0004242,FBgn0261020
	GO Biological Processes	GO:0035282	segmentation	185	3	11.538	5.1468	2.364	0.0197323418351628	1.7048213696016	1	0.109720494160356	0.746619452001251	pan,Syt1,wol	FBgn0085432,FBgn0004242,FBgn0261020
	GO Biological Processes	GO:0048598	embryonic morphogenesis	186	3	11.538	5.1191	2.356	0.0200142909038737	1.69865979211846	1	0.110078599971305	0.749056268991331	EcR,pan,wol	FBgn0000546,FBgn0085432,FBgn0261020
	GO Biological Processes	GO:0006629	lipid metabolic process	338	4	15.385	3.756	1.909	0.0202577692573588	1.69340837993125	1	0.110219690798103	0.750016355405376	EcR,Pdp1,Yp1,Yp2	FBgn0000546,FBgn0016694,FBgn0004045,FBgn0005391
	GO Biological Processes	GO:0007274	neuromuscular synaptic transmission	73	2	7.692	8.6955	3.12	0.021874671141664	1.66005846733121	1	0.111683131908529	0.759974691888126	cpx,Syt1	FBgn0041605,FBgn0004242
	GO Biological Processes	GO:0000003	reproduction	933	7	26.923	2.3812	1.252	0.022071765199314	1.65616293255355	1	0.111683131908529	0.759974691888126	cac,EcR,mei-P26,para,Syt1,Yp1,Yp2	FBgn0263111,FBgn0000546,FBgn0026206,FBgn0285944,FBgn0004242,FBgn0004045,FBgn0005391
	GO Biological Processes	GO:0016042	lipid catabolic process	78	2	7.692	8.1381	3.025	0.024757394974102	1.60629505463948	1	0.121343939805577	0.825713979276334	Yp1,Yp2	FBgn0004045,FBgn0005391
	GO Biological Processes	GO:0007548	sex differentiation	79	2	7.692	8.0351	3.006	0.0253517777519415	1.59599158107275	1	0.122171424214118	0.831344795655463	Yp1,Yp2	FBgn0004045,FBgn0005391
	GO Biological Processes	GO:0032940	secretion by cell	207	3	11.538	4.5998	2.202	0.0264567869082027	1.57746290061598	1	0.126293718637269	0.859395938030951	cac,cpx,Syt1	FBgn0263111,FBgn0041605,FBgn0004242
	GO Biological Processes	GO:0007507	heart development	82	2	7.692	7.7411	2.953	0.0271698824648492	1.56591224030783	1	0.126569613096873	0.861273328137658	EcR,pan	FBgn0000546,FBgn0085432
	GO Biological Processes	GO:0007617	mating behavior	83	2	7.692	7.6478	2.935	0.0277874376937555	1.55615149808651	1	0.126569613096873	0.861273328137658	cac,para	FBgn0263111,FBgn0285944
	GO Biological Processes	GO:0007618	mating	87	2	7.692	7.2962	2.867	0.0303142162605476	1.51835365547188	1	0.131059202971718	0.891823820620568	cac,para	FBgn0263111,FBgn0285944
	GO Biological Processes	GO:0010623	programmed cell death involved in cell development	95	2	7.692	6.6818	2.74	0.0356312501522161	1.44816893979649	1	0.141470804164579	0.962672061293893	Cam,EcR	FBgn0000253,FBgn0000546
	GO Biological Processes	GO:0007389	pattern specification process	404	4	15.385	3.1424	1.652	0.0360187244058005	1.4434716716756	1	0.141470804164579	0.962672061293893	EcR,pan,Syt1,wol	FBgn0000546,FBgn0085432,FBgn0004242,FBgn0261020
	GO Biological Processes	GO:0048856	anatomical structure development	2035	11	42.308	1.7156	0.779	0.0362976079512192	1.44012199446295	1	0.141470804164579	0.962672061293893	alpha-Man-Ia,cac,Cam,cpx,EcR,mei-P26,pan,Syt1,Vsx2,wol,Zasp67	FBgn0259170,FBgn0263111,FBgn0000253,FBgn0041605,FBgn0000546,FBgn0026206,FBgn0085432,FBgn0004242,FBgn0263512,FBgn0261020,FBgn0036044
	GO Biological Processes	GO:0019098	reproductive behavior	97	2	7.692	6.544	2.71	0.0370136344366324	1.43163826863961	1	0.141470804164579	0.962672061293893	cac,para	FBgn0263111,FBgn0285944
	GO Biological Processes	GO:0042461	photoreceptor cell development	97	2	7.692	6.544	2.71	0.0370136344366324	1.43163826863961	1	0.141470804164579	0.962672061293893	Cam,EcR	FBgn0000253,FBgn0000546
	GO Biological Processes	GO:0072089	stem cell proliferation	98	2	7.692	6.4772	2.695	0.0377125908690105	1.42351363037712	1	0.142407246117308	0.969044305448719	EcR,pan	FBgn0000546,FBgn0085432
	GO Biological Processes	GO:0097305	response to alcohol	107	2	7.692	5.9324	2.569	0.0442295802895801	1.35428718178762	1	0.157877681314736	1	Cam,EcR	FBgn0000253,FBgn0000546
	GO Biological Processes	GO:0099504	synaptic vesicle cycle	109	2	7.692	5.8236	2.542	0.0457315623992415	1.3397839608809	1	0.157877681314736	1	cpx,Syt1	FBgn0041605,FBgn0004242
	GO Biological Processes	GO:0015672	monovalent inorganic cation transport	110	2	7.692	5.7706	2.529	0.0464896729563155	1.33264350896355	1	0.157877681314736	1	Hk,para	FBgn0263220,FBgn0285944
	GO Biological Processes	GO:0009100	glycoprotein metabolic process	114	2	7.692	5.5682	2.477	0.0495687699755606	1.30479185776329	1	0.161818049081508	1	alpha-Man-Ia,wol	FBgn0259170,FBgn0261020
	GO Biological Processes	GO:0023052	signaling	1367	8	30.769	1.8574	0.893	0.0535209177385279	1.27147644820433	1	0.172494167998058	1	cac,Cam,cpx,EcR,pan,para,Rdl,Syt1	FBgn0263111,FBgn0000253,FBgn0041605,FBgn0000546,FBgn0085432,FBgn0285944,FBgn0004244,FBgn0004242
	GO Biological Processes	GO:0016192	vesicle-mediated transport	462	4	15.385	2.7479	1.458	0.054535376321881	1.26332168566492	1	0.174651268473872	1	cac,cpx,EcR,Syt1	FBgn0263111,FBgn0041605,FBgn0000546,FBgn0004242
	GO Biological Processes	GO:0050808	synapse organization	279	3	11.538	3.4127	1.771	0.0560420169798996	1.25148624263185	1	0.177232878698932	1	cac,cpx,DIP-alpha	FBgn0263111,FBgn0041605,FBgn0052791
	GO Biological Processes	GO:0009416	response to light stimulus	123	2	7.692	5.1607	2.368	0.0567603782703757	1.24595471891947	1	0.178389760278324	1	cac,Cam	FBgn0263111,FBgn0000253
	GO Biological Processes	GO:0051124	synaptic growth at neuromuscular junction	128	2	7.692	4.9591	2.31	0.0609064555038287	1.21533667385138	1	0.181190804336809	1	cac,cpx	FBgn0263111,FBgn0041605
	GO Biological Processes	GO:0007154	cell communication	1410	8	30.769	1.8008	0.849	0.0625297323721195	1.20391343010008	1	0.18395374755984	1	cac,Cam,cpx,EcR,pan,para,Rdl,Syt1	FBgn0263111,FBgn0000253,FBgn0041605,FBgn0000546,FBgn0085432,FBgn0285944,FBgn0004244,FBgn0004242
	GO Biological Processes	GO:0009952	anterior/posterior pattern specification	134	2	7.692	4.7371	2.244	0.0660167448053443	1.18034589393982	1	0.189798141315365	1	EcR,Syt1	FBgn0000546,FBgn0004242
	GO Biological Processes	GO:0002164	larval development	135	2	7.692	4.702	2.233	0.0668823346745398	1.1746885753033	1	0.189830502960765	1	EcR,pan	FBgn0000546,FBgn0085432
	GO Biological Processes	GO:0008340	determination of adult lifespan	137	2	7.692	4.6334	2.212	0.0686251271362385	1.16351683795874	1	0.192776382063192	1	alpha-Man-Ia,EcR	FBgn0259170,FBgn0000546
	GO Biological Processes	GO:0010629	negative regulation of gene expression	500	4	15.385	2.5391	1.344	0.0690679073901853	1.1607237019881	1	0.192776382063192	1	EcR,pan,RpL13A,Vsx2	FBgn0000546,FBgn0085432,FBgn0037351,FBgn0263512
	GO Biological Processes	GO:0010259	multicellular organism aging	140	2	7.692	4.5341	2.181	0.0712678871993708	1.14710611606281	1	0.194927302285847	1	alpha-Man-Ia,EcR	FBgn0259170,FBgn0000546
	GO Biological Processes	GO:0045892	negative regulation of transcription, DNA-templated	315	3	11.538	3.0227	1.596	0.0749932718289479	1.12497769845676	1	0.200206589305465	1	EcR,pan,Vsx2	FBgn0000546,FBgn0085432,FBgn0263512
	GO Biological Processes	GO:0007568	aging	146	2	7.692	4.3477	2.12	0.0766532672475586	1.11546932916779	1	0.200966597032459	1	alpha-Man-Ia,EcR	FBgn0259170,FBgn0000546
	GO Biological Processes	GO:0007611	learning or memory	148	2	7.692	4.289	2.101	0.0784771073525043	1.10525701332431	1	0.202625929521201	1	EcR,Rdl	FBgn0000546,FBgn0004244
	GO Biological Processes	GO:0006897	endocytosis	151	2	7.692	4.2038	2.072	0.081238979576861	1.09023554030073	1	0.204903268884549	1	EcR,Syt1	FBgn0000546,FBgn0004242
	GO Biological Processes	GO:0048589	developmental growth	329	3	11.538	2.8941	1.533	0.0830575768983919	1.08062074304323	1	0.206113887878122	1	cac,cpx,pan	FBgn0263111,FBgn0041605,FBgn0085432
	GO Biological Processes	GO:0007350	blastoderm segmentation	153	2	7.692	4.1488	2.053	0.0830972986702311	1.08041309404599	1	0.206113887878122	1	pan,Syt1	FBgn0085432,FBgn0004242
	GO Biological Processes	GO:0009314	response to radiation	156	2	7.692	4.069	2.025	0.0859098125660821	1.06595722848636	1	0.210014234614972	1	cac,Cam	FBgn0263111,FBgn0000253
	GO Biological Processes	GO:0007416	synapse assembly	158	2	7.692	4.0175	2.006	0.0878011827125783	1.05649963395623	1	0.210014234614972	1	cac,cpx	FBgn0263111,FBgn0041605
	GO Biological Processes	GO:0006357	regulation of transcription by RNA polymerase II	557	4	15.385	2.2792	1.189	0.0943432522191091	1.02528915674764	1	0.216007627252802	1	EcR,pan,Pdp1,Vsx2	FBgn0000546,FBgn0085432,FBgn0016694,FBgn0263512
	GO Biological Processes	GO:0000122	negative regulation of transcription by RNA polymerase II	166	2	7.692	3.8239	1.935	0.0954927435683852	1.02002962891828	1	0.216396964935788	1	EcR,Vsx2	FBgn0000546,FBgn0263512
	GO Biological Processes	GO:0009880	embryonic pattern specification	166	2	7.692	3.8239	1.935	0.0954927435683852	1.02002962891828	1	0.216396964935788	1	pan,Syt1	FBgn0085432,FBgn0004242
	GO Biological Processes	GO:0007528	neuromuscular junction development	168	2	7.692	3.7784	1.918	0.0974460640648484	1.01123569774121	1	0.217757708814966	1	cac,cpx	FBgn0263111,FBgn0041605
	GO Biological Processes	GO:0006914	autophagy	169	2	7.692	3.756	1.909	0.0984271413026177	1.00688512826956	1	0.217757708814966	1	cac,EcR	FBgn0263111,FBgn0000546
	GO Biological Processes	GO:0045893	positive regulation of transcription, DNA-templated	355	3	11.538	2.6821	1.423	0.099000681596536	1.00436181537623	1	0.217757708814966	1	EcR,pan,Pdp1	FBgn0000546,FBgn0085432,FBgn0016694
	GO Biological Processes	GO:0050803	regulation of synapse structure or activity	170	2	7.692	3.7339	1.901	0.0994111279372668	1.00256499858808	1	0.217757708814966	1	cac,Syt1	FBgn0263111,FBgn0004242
	GO Biological Processes	GO:0001667	ameboidal-type cell migration	171	2	7.692	3.7121	1.892	0.100397997678734	0.998274948602836	1	0.218031703113474	1	EcR,wol	FBgn0000546,FBgn0261020
	GO Biological Processes	GO:0007283	spermatogenesis	171	2	7.692	3.7121	1.892	0.100397997678734	0.998274948602836	1	0.218031703113474	1	EcR,mei-P26	FBgn0000546,FBgn0026206
	GO Biological Processes	GO:0006366	transcription by RNA polymerase II	594	4	15.385	2.1373	1.096	0.11287899224952	0.947386876489943	1	0.232936850741122	1	EcR,pan,Pdp1,Vsx2	FBgn0000546,FBgn0085432,FBgn0016694,FBgn0263512
	GO Biological Processes	GO:0006412	translation	380	3	11.538	2.5057	1.325	0.115440108145014	0.93764327506459	1	0.235664792124823	1	RpL13A,RpL41,RpLP2	FBgn0037351,FBgn0066084,FBgn0003274
	GO Biological Processes	GO:0019725	cellular homeostasis	187	2	7.692	3.3945	1.763	0.11655904261466	0.933454028404141	1	0.235664792124823	1	cac,Cam	FBgn0263111,FBgn0000253
	GO Biological Processes	GO:0030154	cell differentiation	1343	7	26.923	1.6543	0.726	0.116900914670614	0.932182090764197	1	0.235664792124823	1	cac,Cam,EcR,mei-P26,pan,Syt1,Zasp67	FBgn0263111,FBgn0000253,FBgn0000546,FBgn0026206,FBgn0085432,FBgn0004242,FBgn0036044
	GO Biological Processes	GO:0042592	homeostatic process	383	3	11.538	2.486	1.314	0.117481609222113	0.930030113294135	1	0.23583800514902	1	cac,Cam,EcR	FBgn0263111,FBgn0000253,FBgn0000546
	GO Biological Processes	GO:0032504	multicellular organism reproduction	840	5	19.231	1.8892	0.918	0.118058086813169	0.927904259004169	1	0.23583800514902	1	cac,EcR,mei-P26,para,Syt1	FBgn0263111,FBgn0000546,FBgn0026206,FBgn0285944,FBgn0004242
	GO Biological Processes	GO:0046530	photoreceptor cell differentiation	189	2	7.692	3.3586	1.748	0.118625432493709	0.925822191177599	1	0.23583800514902	1	Cam,EcR	FBgn0000253,FBgn0000546
	GO Biological Processes	GO:0040007	growth	387	3	11.538	2.4603	1.299	0.120225652142699	0.920002858494476	1	0.237633515563303	1	cac,cpx,pan	FBgn0263111,FBgn0041605,FBgn0085432
	GO Biological Processes	GO:0042127	regulation of cell population proliferation	191	2	7.692	3.3234	1.733	0.120701449773343	0.918287513458728	1	0.237645655973975	1	EcR,pan	FBgn0000546,FBgn0085432
	GO Biological Processes	GO:0007552	metamorphosis	407	3	11.538	2.3394	1.226	0.134310702617513	0.871889378972905	1	0.247131692816224	1	Cam,EcR,pan	FBgn0000253,FBgn0000546,FBgn0085432
	GO Biological Processes	GO:0048232	male gamete generation	205	2	7.692	3.0964	1.631	0.135487361773211	0.86810121377954	1	0.247496769159729	1	EcR,mei-P26	FBgn0000546,FBgn0026206
	GO Biological Processes	GO:0048468	cell development	1164	6	23.077	1.636	0.71	0.149945041833769	0.82406789029015	1	0.2652873817059	1	cac,Cam,EcR,mei-P26,Syt1,Zasp67	FBgn0263111,FBgn0000253,FBgn0000546,FBgn0026206,FBgn0004242,FBgn0036044
	GO Biological Processes	GO:0010628	positive regulation of gene expression	443	3	11.538	2.1493	1.104	0.161072599569066	0.792978332132332	1	0.276280458921856	1	EcR,pan,Pdp1	FBgn0000546,FBgn0085432,FBgn0016694
	GO Biological Processes	GO:0045165	cell fate commitment	243	2	7.692	2.6122	1.385	0.177469278344963	0.750876816693547	1	0.291977476467018	1	EcR,pan	FBgn0000546,FBgn0085432
	GO Biological Processes	GO:0002165	instar larval or pupal development	465	3	11.538	2.0476	1.034	0.178215909951428	0.749053527596108	1	0.291977476467018	1	Cam,EcR,pan	FBgn0000253,FBgn0000546,FBgn0085432
	GO Biological Processes	GO:0007476	imaginal disc-derived wing morphogenesis	247	2	7.692	2.5699	1.362	0.182013605456826	0.739896147432628	1	0.297093175358561	1	EcR,pan	FBgn0000546,FBgn0085432
	GO Biological Processes	GO:0006518	peptide metabolic process	475	3	11.538	2.0045	1.003	0.186183569889868	0.730058646775735	1	0.299075829727851	1	RpL13A,RpL41,RpLP2	FBgn0037351,FBgn0066084,FBgn0003274
	GO Biological Processes	GO:0030029	actin filament-based process	255	2	7.692	2.4893	1.316	0.191158741122797	0.718605838191121	1	0.30513035649254	1	Cam,Zasp67	FBgn0000253,FBgn0036044
	GO Biological Processes	GO:0045944	positive regulation of transcription by RNA polymerase II	255	2	7.692	2.4893	1.316	0.191158741122797	0.718605838191121	1	0.30513035649254	1	EcR,pan	FBgn0000546,FBgn0085432
	GO Biological Processes	GO:0007472	wing disc morphogenesis	256	2	7.692	2.4796	1.31	0.192306834980302	0.716005279768399	1	0.305997668239098	1	EcR,pan	FBgn0000546,FBgn0085432
	GO Biological Processes	GO:0016477	cell migration	259	2	7.692	2.4508	1.293	0.195757305359954	0.708282021769045	1	0.31051158781234	1	EcR,wol	FBgn0000546,FBgn0261020
	GO Biological Processes	GO:0007275	multicellular organism development	1821	8	30.769	1.3943	0.48	0.197962155373969	0.703417826320139	1	0.31263458510317	1	alpha-Man-Ia,cac,Cam,cpx,EcR,pan,Syt1,wol	FBgn0259170,FBgn0263111,FBgn0000253,FBgn0041605,FBgn0000546,FBgn0085432,FBgn0004242,FBgn0261020
	GO Biological Processes	GO:0000902	cell morphogenesis	498	3	11.538	1.912	0.935	0.204881798551693	0.688496622075516	1	0.318006717997412	1	Cam,EcR,pan	FBgn0000253,FBgn0000546,FBgn0085432
	GO Biological Processes	GO:0009056	catabolic process	759	4	15.385	1.6726	0.742	0.21278169103018	0.67206574398342	1	0.322433566862182	1	cac,EcR,Yp1,Yp2	FBgn0263111,FBgn0000546,FBgn0004045,FBgn0005391
	GO Biological Processes	GO:0012501	programmed cell death	277	2	7.692	2.2916	1.196	0.216632101316985	0.664277187637603	1	0.323215669785279	1	Cam,EcR	FBgn0000253,FBgn0000546
	GO Biological Processes	GO:0048870	cell motility	279	2	7.692	2.2752	1.186	0.218967259042046	0.659620817947	1	0.323215669785279	1	EcR,wol	FBgn0000546,FBgn0261020
	GO Biological Processes	GO:0035120	post-embryonic appendage morphogenesis	280	2	7.692	2.267	1.181	0.220135854805583	0.657309215620067	1	0.32380448410356	1	EcR,pan	FBgn0000546,FBgn0085432
	GO Biological Processes	GO:0009791	post-embryonic development	520	3	11.538	1.8311	0.873	0.223197622311216	0.651310436179883	1	0.326410395634322	1	Cam,EcR,pan	FBgn0000253,FBgn0000546,FBgn0085432
	GO Biological Processes	GO:0035114	imaginal disc-derived appendage morphogenesis	287	2	7.692	2.2117	1.145	0.228333609595014	0.641430157772415	1	0.330856320604186	1	EcR,pan	FBgn0000546,FBgn0085432
	GO Biological Processes	GO:0071310	cellular response to organic substance	288	2	7.692	2.2041	1.14	0.229507052434919	0.639203964651728	1	0.330856320604186	1	Cam,EcR	FBgn0000253,FBgn0000546
	GO Biological Processes	GO:0035107	appendage morphogenesis	289	2	7.692	2.1964	1.135	0.230681035362828	0.636988108018232	1	0.331603988334066	1	EcR,pan	FBgn0000546,FBgn0085432
	GO Biological Processes	GO:0008283	cell population proliferation	292	2	7.692	2.1739	1.12	0.23420608148863	0.630401832053312	1	0.332888419194513	1	EcR,pan	FBgn0000546,FBgn0085432
	GO Biological Processes	GO:0048737	imaginal disc-derived appendage development	294	2	7.692	2.1591	1.11	0.236558551535403	0.62606134768936	1	0.335290271924129	1	EcR,pan	FBgn0000546,FBgn0085432
	GO Biological Processes	GO:0040011	locomotion	550	3	11.538	1.7312	0.792	0.248735490012727	0.604262244416222	1	0.351564687001228	1	Cam,EcR,wol	FBgn0000253,FBgn0000546,FBgn0261020
	GO Biological Processes	GO:0008219	cell death	305	2	7.692	2.0812	1.057	0.249526735042384	0.602882915934994	1	0.351700634906536	1	Cam,EcR	FBgn0000253,FBgn0000546
	GO Biological Processes	GO:0009058	biosynthetic process	1942	8	30.769	1.3075	0.387	0.2536450465629	0.595773614605811	1	0.355524635902569	1	EcR,pan,Pdp1,RpL13A,RpL41,RpLP2,Vsx2,wol	FBgn0000546,FBgn0085432,FBgn0016694,FBgn0037351,FBgn0066084,FBgn0003274,FBgn0263512,FBgn0261020
	GO Biological Processes	GO:0048666	neuron development	557	3	11.538	1.7094	0.773	0.254772724978013	0.593847067802865	1	0.356118781322857	1	cac,Cam,EcR	FBgn0263111,FBgn0000253,FBgn0000546
	GO Biological Processes	GO:0007281	germ cell development	576	3	11.538	1.653	0.725	0.271282897471046	0.566577584668459	1	0.368029232584287	1	EcR,mei-P26,Syt1	FBgn0000546,FBgn0026206,FBgn0004242
	GO Biological Processes	GO:0051960	regulation of nervous system development	327	2	7.692	1.9412	0.957	0.275557684042132	0.559787473985026	1	0.369846652852305	1	cac,EcR	FBgn0263111,FBgn0000546
	GO Biological Processes	GO:0035220	wing disc development	333	2	7.692	1.9062	0.931	0.282665365075887	0.548727402256563	1	0.37639124928526	1	EcR,pan	FBgn0000546,FBgn0085432
	GO Biological Processes	GO:0009987	cellular process	5428	19	73.077	1.111	0.152	0.28692536974272	0.542231050038571	1	0.380656664699797	1	alpha-Man-Ia,cac,Cam,CG13018,cpx,DIP-alpha,EcR,mei-P26,pan,para,Pdp1,Rdl,RpL13A,RpL41,RpLP2,Syt1,Vsx2,wol,Zasp67	FBgn0259170,FBgn0263111,FBgn0000253,FBgn0040751,FBgn0041605,FBgn0052791,FBgn0000546,FBgn0026206,FBgn0085432,FBgn0285944,FBgn0016694,FBgn0004244,FBgn0037351,FBgn0066084,FBgn0003274,FBgn0004242,FBgn0263512,FBgn0261020,FBgn0036044
	GO Biological Processes	GO:0007560	imaginal disc morphogenesis	343	2	7.692	1.8506	0.888	0.294507709927864	0.530903331317293	1	0.383625795217419	1	EcR,pan	FBgn0000546,FBgn0085432
	GO Biological Processes	GO:0007165	signal transduction	1168	5	19.231	1.3587	0.442	0.303488400804508	0.517857902818907	1	0.391263612264629	1	cac,Cam,EcR,pan,Rdl	FBgn0263111,FBgn0000253,FBgn0000546,FBgn0085432,FBgn0004244
	GO Biological Processes	GO:0006355	regulation of transcription, DNA-templated	900	4	15.385	1.4106	0.496	0.313465882335445	0.503809720925038	1	0.397528161558233	1	EcR,pan,Pdp1,Vsx2	FBgn0000546,FBgn0085432,FBgn0016694,FBgn0263512
	GO Biological Processes	GO:0019538	protein metabolic process	1770	7	26.923	1.2552	0.328	0.316483724545837	0.499648619048452	1	0.400351911550484	1	alpha-Man-Ia,Cam,mei-P26,RpL13A,RpL41,RpLP2,wol	FBgn0259170,FBgn0000253,FBgn0026206,FBgn0037351,FBgn0066084,FBgn0003274,FBgn0261020
	GO Biological Processes	GO:0009887	animal organ morphogenesis	633	3	11.538	1.5042	0.589	0.32157245683911	0.492721156301226	1	0.404765331245248	1	Cam,EcR,pan	FBgn0000253,FBgn0000546,FBgn0085432
	GO Biological Processes	GO:0045595	regulation of cell differentiation	371	2	7.692	1.711	0.775	0.327559099232431	0.484710331840205	1	0.409246677065703	1	EcR,Syt1	FBgn0000546,FBgn0004242
	GO Biological Processes	GO:0050793	regulation of developmental process	643	3	11.538	1.4808	0.566	0.330463241853983	0.480876841012819	1	0.411858129010136	1	cac,EcR,Syt1	FBgn0263111,FBgn0000546,FBgn0004242
	GO Biological Processes	GO:0009653	anatomical structure morphogenesis	1213	5	19.231	1.3083	0.388	0.333000675873642	0.477554885028529	1	0.414000840275339	1	Cam,EcR,pan,wol,Zasp67	FBgn0000253,FBgn0000546,FBgn0085432,FBgn0261020,FBgn0036044
	GO Biological Processes	GO:0010468	regulation of gene expression	1241	5	19.231	1.2787	0.355	0.351588683693378	0.453965111665991	1	0.43391188768012	1	EcR,pan,Pdp1,RpL13A,Vsx2	FBgn0000546,FBgn0085432,FBgn0016694,FBgn0037351,FBgn0263512
	GO Biological Processes	GO:0030182	neuron differentiation	672	3	11.538	1.4169	0.503	0.35627443168827	0.448215344011983	1	0.43751470583035	1	cac,Cam,EcR	FBgn0263111,FBgn0000253,FBgn0000546
	GO Biological Processes	GO:0060562	epithelial tube morphogenesis	397	2	7.692	1.5989	0.677	0.357966577497559	0.446157520523684	1	0.43751470583035	1	EcR,pan	FBgn0000546,FBgn0085432
	GO Biological Processes	GO:0006351	transcription, DNA-templated	962	4	15.385	1.3197	0.4	0.359846317919557	0.443882936815308	1	0.437697684777154	1	EcR,pan,Pdp1,Vsx2	FBgn0000546,FBgn0085432,FBgn0016694,FBgn0263512
	GO Biological Processes	GO:0007399	nervous system development	962	4	15.385	1.3197	0.4	0.359846317919557	0.443882936815308	1	0.437697684777154	1	cac,Cam,cpx,EcR	FBgn0263111,FBgn0000253,FBgn0041605,FBgn0000546
	GO Biological Processes	GO:0048667	cell morphogenesis involved in neuron differentiation	404	2	7.692	1.5712	0.652	0.366086744199666	0.436415996398897	1	0.444220365863383	1	Cam,EcR	FBgn0000253,FBgn0000546
	GO Biological Processes	GO:0048812	neuron projection morphogenesis	405	2	7.692	1.5673	0.648	0.367244119423124	0.435045149717515	1	0.444558670880624	1	Cam,EcR	FBgn0000253,FBgn0000546
	GO Biological Processes	GO:0007276	gamete generation	709	3	11.538	1.343	0.425	0.389130033181522	0.40990524891444	1	0.460692782284658	1	EcR,mei-P26,Syt1	FBgn0000546,FBgn0026206,FBgn0004242
	GO Biological Processes	GO:0035239	tube morphogenesis	429	2	7.692	1.4796	0.565	0.394800258447801	0.403622571700433	1	0.46544718848797	1	EcR,pan	FBgn0000546,FBgn0085432
	GO Biological Processes	GO:0051252	regulation of RNA metabolic process	1011	4	15.385	1.2557	0.328	0.396743776627483	0.401489876917263	1	0.465566630342894	1	EcR,pan,Pdp1,Vsx2	FBgn0000546,FBgn0085432,FBgn0016694,FBgn0263512
	GO Biological Processes	GO:0000904	cell morphogenesis involved in differentiation	435	2	7.692	1.4592	0.545	0.40161698231548	0.396187931395984	1	0.468244684450767	1	Cam,EcR	FBgn0000253,FBgn0000546
	GO Biological Processes	GO:0031175	neuron projection development	437	2	7.692	1.4526	0.539	0.403882272075802	0.393745209243046	1	0.469803286598519	1	Cam,EcR	FBgn0000253,FBgn0000546
	GO Biological Processes	GO:0010467	gene expression	1927	7	26.923	1.1529	0.205	0.40583003405234	0.391655815507375	1	0.469908460481656	1	EcR,pan,Pdp1,RpL13A,RpL41,RpLP2,Vsx2	FBgn0000546,FBgn0085432,FBgn0016694,FBgn0037351,FBgn0066084,FBgn0003274,FBgn0263512
	GO Biological Processes	GO:0010033	response to organic substance	449	2	7.692	1.4137	0.499	0.417397844798479	0.379449797710776	1	0.476756906248376	1	Cam,EcR	FBgn0000253,FBgn0000546
	GO Biological Processes	GO:0048699	generation of neurons	746	3	11.538	1.2763	0.352	0.421710119211752	0.374985977678289	1	0.480597568290871	1	cac,Cam,EcR	FBgn0263111,FBgn0000253,FBgn0000546
	GO Biological Processes	GO:0007010	cytoskeleton organization	472	2	7.692	1.3449	0.427	0.442911735268028	0.353682812615153	1	0.500252986708978	1	Cam,Zasp67	FBgn0000253,FBgn0036044
	GO Biological Processes	GO:0022008	neurogenesis	784	3	11.538	1.2145	0.28	0.454691898792876	0.342282783514033	1	0.509116043849752	1	cac,Cam,EcR	FBgn0263111,FBgn0000253,FBgn0000546
	GO Biological Processes	GO:0006996	organelle organization	1398	5	19.231	1.1351	0.183	0.456829632755502	0.340245732860288	1	0.51027769133396	1	Cam,CG13018,Syt1,wol,Zasp67	FBgn0000253,FBgn0040751,FBgn0004242,FBgn0261020,FBgn0036044
	GO Biological Processes	GO:0007444	imaginal disc development	489	2	7.692	1.2981	0.376	0.461411748862513	0.335911351294779	1	0.513130428405344	1	EcR,pan	FBgn0000546,FBgn0085432
	GO Biological Processes	GO:0048477	oogenesis	495	2	7.692	1.2824	0.359	0.46786405354678	0.329880320796235	1	0.518028908303437	1	EcR,Syt1	FBgn0000546,FBgn0004242
	GO Biological Processes	GO:0002009	morphogenesis of an epithelium	503	2	7.692	1.262	0.336	0.476402377861898	0.322026079494625	1	0.526331011349608	1	EcR,pan	FBgn0000546,FBgn0085432
	GO Biological Processes	GO:0007292	female gamete generation	528	2	7.692	1.2022	0.266	0.502589998487692	0.298786158092875	1	0.549932450940733	1	EcR,Syt1	FBgn0000546,FBgn0004242
	GO Biological Processes	GO:0035556	intracellular signal transduction	530	2	7.692	1.1977	0.26	0.504651687951881	0.297008269786224	1	0.549932450940733	1	cac,Cam	FBgn0263111,FBgn0000253
	GO Biological Processes	GO:0009888	tissue development	844	3	11.538	1.1281	0.174	0.505372706892176	0.296388216247107	1	0.549932450940733	1	EcR,pan,wol	FBgn0000546,FBgn0085432,FBgn0261020
	GO Biological Processes	GO:0030030	cell projection organization	542	2	7.692	1.1712	0.228	0.516915254034159	0.286580651726459	1	0.56128566210576	1	Cam,EcR	FBgn0000253,FBgn0000546
	GO Biological Processes	GO:0031323	regulation of cellular metabolic process	1551	5	19.231	1.0232	0.033	0.556361422632136	0.254642991043083	1	0.597369911535889	1	EcR,pan,Pdp1,RpL13A,Vsx2	FBgn0000546,FBgn0085432,FBgn0016694,FBgn0037351,FBgn0263512
	GO Biological Processes	GO:0006807	nitrogen compound metabolic process	3458	11	42.308	1.0096	0.014	0.55813198707847	0.253263086937581	1	0.597369911535889	1	alpha-Man-Ia,Cam,EcR,mei-P26,pan,Pdp1,RpL13A,RpL41,RpLP2,Vsx2,wol	FBgn0259170,FBgn0000253,FBgn0000546,FBgn0026206,FBgn0085432,FBgn0016694,FBgn0037351,FBgn0066084,FBgn0003274,FBgn0263512,FBgn0261020
	GO Biological Processes	GO:0044237	cellular metabolic process	3780	12	46.154	1.0076	0.011	0.561831226663351	0.250394126311554	1	0.59976076095286	1	alpha-Man-Ia,cac,Cam,EcR,mei-P26,pan,Pdp1,RpL13A,RpL41,RpLP2,Vsx2,wol	FBgn0259170,FBgn0263111,FBgn0000253,FBgn0000546,FBgn0026206,FBgn0085432,FBgn0016694,FBgn0037351,FBgn0066084,FBgn0003274,FBgn0263512,FBgn0261020
	GO Biological Processes	GO:0035295	tube development	594	2	7.692	1.0686	0.096	0.567870185378572	0.245750932277045	1	0.604931186950647	1	EcR,pan	FBgn0000546,FBgn0085432
	GO Biological Processes	GO:1901575	organic substance catabolic process	610	2	7.692	1.0406	0.057	0.582810309459816	0.234472774503439	1	0.615188201507002	1	Yp1,Yp2	FBgn0004045,FBgn0005391
	GO Biological Processes	GO:0048513	animal organ development	1000	3	11.538	0.9522	-0.071	0.625933987439558	0.203471466154474	1	0.654385532323174	1	Cam,EcR,pan	FBgn0000253,FBgn0000546,FBgn0085432
	GO Biological Processes	GO:0006464	cellular protein modification process	1011	3	11.538	0.9418	-0.087	0.63371523716942	0.198105850490283	1	0.65979405351384	1	Cam,mei-P26,wol	FBgn0000253,FBgn0026206,FBgn0261020
	GO Biological Processes	GO:0019222	regulation of metabolic process	1705	5	19.231	0.9307	-0.104	0.648420564041518	0.188143220368651	1	0.67096279223928	1	EcR,pan,Pdp1,RpL13A,Vsx2	FBgn0000546,FBgn0085432,FBgn0016694,FBgn0037351,FBgn0263512
	GO Biological Processes	GO:0060429	epithelium development	780	2	7.692	0.8138	-0.297	0.719488374629175	0.142976218927081	1	0.73547700517649	1	EcR,pan	FBgn0000546,FBgn0085432
	GO Biological Processes	GO:0016070	RNA metabolic process	1533	4	15.385	0.8281	-0.272	0.738829608946206	0.131455708326161	1	0.7522088171565	1	EcR,pan,Pdp1,Vsx2	FBgn0000546,FBgn0085432,FBgn0016694,FBgn0263512
	GO Biological Processes	GO:0006139	nucleobase-containing compound metabolic process	1843	4	15.385	0.6888	-0.538	0.86438869951933	0.0632909194478409	1	0.867818813406311	1	EcR,pan,Pdp1,Vsx2	FBgn0000546,FBgn0085432,FBgn0016694,FBgn0263512
