,Male_RP0231,Male_RP0897,Male_RP0883,Male_RP0609,Male_RP0446,Male_RP0457
GATAd,3.5652761206347687,2.4323864090305163,2.7755453150160054,-4.303467858628566,-4.311979054303365,-2.86869667374133
nub,0.623621012064336,0.843263242954528,0.879980351477021,-0.3248893822724026,-0.5899039148836781,-0.4667088796361775
fkh,-1.0241261410339737,-1.5158917655838626,-1.4080465570770673,0.7541541146067172,1.2982490093595154,1.2009858091247714
hth,-1.0321688684009496,-1.5198839742734758,-1.4185734678691266,0.7276359100129499,1.3001768300773455,1.1975719731697212
Ptx1,-1.0318198375456704,-1.523154511266837,-1.4151606239621677,0.7322707461822798,1.3028623781484356,1.196445529717538
dve,-1.032163216006224,-1.5243805219299835,-1.4147761656466835,0.7311898313532906,1.3039889467261236,1.1953043781659194
Deaf1,-1.032072112502564,-1.524425168398051,-1.4147469192324904,0.7312666887910088,1.3039219158218243,1.1951172357151354
CG34031,-0.9818735863445291,-1.4268166036631895,-1.4098610597424361,0.7240057956357604,1.3079062568059179,1.2275570211606204
ro,-1.01756747141992,-1.462452025920973,-1.354769369419737,0.6891210903335053,1.258848904668658,1.1547209509806473
B-H2,-0.9895528118153324,-1.4581786271132227,-1.360964283692865,0.7134484023456278,1.2423405398270266,1.169273545094037
gcm,-0.9940958840691454,-1.451292135836171,-1.371605609766622,0.7447496722221797,1.261381776220012,1.175863660308836
PHDP,-0.9884513549213632,-1.432181725068766,-1.3556915437025934,0.7412010396832601,1.2535159888076755,1.1651779560737525
Six4,-0.9150948251832141,-1.3894842675821062,-1.2456900550776122,0.7500875830366331,1.1440597885544137,1.0133387904224842
ftz,-0.8664900209699598,-1.363890259099078,-1.300343846872695,0.6661437634807044,1.1633264598063662,1.0243607418999856
D,-0.8912283081853494,-1.3865243812767258,-1.2704226477905254,0.6941249390084687,1.1561000760539528,1.0163748717004502
odd,-0.9461071196608766,-1.3974491864961802,-1.3199399599945771,0.7484988300896586,1.2199864725257172,1.1627246988039395
hb,-0.9501391722663204,-1.404817375503722,-1.301488408459733,0.7413654422278648,1.200193147967947,1.0824122105701515
opa,-0.9582792059055704,-1.374809127448814,-1.3181275932360579,0.6987220043781165,1.1680805202893192,1.0909138244677206
ems,-0.960407635452297,-1.3972924375908493,-1.2884454036932267,0.6876977306420106,1.189563626974789,1.1102929812050728
lab,-0.7681902357371998,-1.1832682548448135,-1.045311872182342,0.5627879876535402,0.9339714495238709,0.8099898742720534
vnd,-0.7992618361481529,-1.2417538093036777,-1.1477450470806299,0.7140183230648305,1.0284344791288824,0.9127239413410949
bsh,-0.8164226282265314,-1.192308336189123,-1.1688283628956457,0.6249929222965271,1.0800671388611243,0.9427330780895236
ap,-0.5916800543981637,-0.8254619916813617,-0.8485626894542362,0.43583350507516494,0.7895645353618257,0.682479349850484
HGTX,-0.5037682070734497,-0.7430628978907262,-0.7823051430459168,0.5550780903491366,0.7306480081395846,0.5823411247573536
Awh,-0.46930124039498594,-0.6658538723903016,-0.5948517490846703,0.4133650789997441,0.5463414000205561,0.4793026260929366
exd,-0.29141505889604435,-0.4274563431818579,-0.4188540889459502,0.3618406842785905,0.37370014102945465,0.24973330134810878
ct,-0.33265664838405534,-0.5230026861535814,-0.4956667751727042,0.35929117847780395,0.500586355159089,0.3743678573872673
