,Gene,TF,w,n_regions,regions
12,Cpr65Az,OdsH,8.10447764884113,1,3L:6004488-6005170
326,RpL8,OdsH,6.992092960766161,1,3L:2731873-2732711
439,bol,Trl,7.134485582732898,1,3L:9189977-9190831
780,Drs,OdsH,7.494064819439721,1,3L:3424802-3425707
854,Shab,OdsH,7.986787386931834,1,3L:2731873-2732711
1417,Rdl,Trl,9.463523495049534,1,3L:9189977-9190831
1473,RpL18,Trl,8.041282706278626,3,3L:7220048-7220772;3L:7369972-7370791;3L:7193649-7194512
1866,scro,OdsH,7.852002081228009,1,3L:24917815-24918613
3120,CG14153,OdsH,6.8941978352508935,1,3L:10722414-10723278
3762,Dscam4,OdsH,7.613623514250509,1,3L:8242580-8243515
3800,tut,OdsH,7.413177444756951,1,3L:8242580-8243515
4720,CG33143,OdsH,7.10631853063963,1,2R:22667772-22668530
5056,Vha44,OdsH,6.901049828987365,1,2R:16499611-16500495
5976,sm,OdsH,8.895298974241962,2,2R:19455556-19456377;2R:19534386-19535223
6488,CG14762,OdsH,8.14121289788559,1,2R:8184242-8185129
6575,shot,Trl,8.51876830589519,1,2R:13727010-13727909
8743,hig,Trl,7.9481160794710135,1,2R:9292137-9292952
8796,CG17716,OdsH,13.412529958259528,1,2R:13805639-13806508
8797,CG17716,Trl,7.886591236442885,1,2R:13727010-13727909
9089,lola,Trl,7.463348511704022,6,2R:10501339-10501931;2R:10490234-10491054;2R:10555156-10555889;2R:10452643-10453181;2R:10585069-10585635;2R:10621431-10622330
9552,Mtr4,OdsH,10.67737100974452,1,2L:15883816-15884749
9726,Coprox,OdsH,6.910536174675034,1,2L:7133723-7134592
9840,IA-2,OdsH,9.13675518066973,3,2L:1022754-1023600;2L:922349-923269;2L:1007649-1008465
9928,CG18109,OdsH,9.037373339278608,1,2L:15883816-15884749
9932,RpL40,OdsH,7.471031484595649,1,2L:4310790-4311274
10408,Fas3,OdsH,7.845387118942604,1,2L:18261059-18262004
10440,CG42750,OdsH,19.953354993411057,1,2L:18261059-18262004
10870,Pvf3,OdsH,9.641848210669437,1,2L:7133723-7134592
10962,Mnn1,OdsH,9.732261551291586,1,2L:7133723-7134592
11454,SoxN,OdsH,8.37780815607362,2,2L:8705742-8706493;2L:8782755-8783681
12043,nrv3,Trl,8.176905722587893,1,2L:21380983-21381844
12508,nolo,OdsH,13.656570654686226,2,2L:21676409-21677246;2L:21812319-21813010
12512,CG31688,OdsH,6.884789549437532,1,2L:20332989-20334047
12960,side-II,OdsH,9.151344813648015,1,2L:14995249-14996152
13104,CG14069,OdsH,8.865963663521384,1,2L:11003662-11004505
13126,bun,OdsH,6.951168453790846,1,2L:12520051-12520919
13418,Ggamma30A,OdsH,11.33924589589471,1,2L:9070877-9071788
13430,CG3662,OdsH,7.577345180458172,2,2L:922349-923269;2L:1007649-1008465
13568,CG4702,OdsH,8.840307730730766,1,3R:12195981-12196794
13841,CG6503,Trl,8.587474589260475,2,3R:26547136-26547990;3R:26306202-26306928
13896,SPARC,OdsH,8.314936826039204,3,3R:26859133-26859974;3R:26681613-26682519;3R:26853338-26854125
14174,RpL35A,OdsH,8.557973711390233,1,3R:5346453-5347370
14722,CG31221,OdsH,16.43289458611359,1,3R:19520532-19521145
14976,Sap47,OdsH,8.475902248022727,1,3R:15739997-15740781
15143,side,Trl,8.876457550141541,1,3R:27572672-27573426
15406,CG4115,OdsH,8.474419548948829,3,3R:12538285-12539193;3R:12195981-12196794;3R:12556484-12557348
15830,VAChT,OdsH,9.559080265264086,5,3R:18706023-18706842;3R:18545326-18546156;3R:18548437-18549363;3R:18698842-18699702;3R:18704906-18705777
16104,fkh,OdsH,9.927122125007337,4,3R:28757433-28758457;3R:28551946-28552755;3R:28564439-28565300;3R:28474920-28475794
17201,Fas1,Trl,7.433758946228829,1,3R:16441099-16441966
17696,Gfrl,OdsH,7.410728972925372,1,3R:20468447-20469059
17762,Obp99c,OdsH,7.19898588743674,2,3R:29681880-29682766;3R:29625532-29626248
17934,CG1815,OdsH,7.784771453994641,5,3R:31665442-31666385;3R:31721645-31722433;3R:31822178-31823113;3R:31738978-31739853;3R:31621645-31622503
18072,RpL3,OdsH,7.882399584112786,1,3R:11275765-11276602
18190,TwdlT,OdsH,9.643661902078131,2,3R:26859133-26859974;3R:26853338-26854125
18794,RpL6,OdsH,8.079326995778445,4,3R:31665442-31666385;3R:31721645-31722433;3R:31621645-31622503;3R:31738978-31739853
19496,CG15721,OdsH,8.433540117954156,2,X:12929562-12930480;X:13023824-13024540
19992,CG32650,OdsH,9.52836899177583,2,X:12929562-12930480;X:13023824-13024540
20136,CG12716,OdsH,10.521221788197892,2,X:12929562-12930480;X:13023824-13024540
20146,CG2209,OdsH,7.081096465960828,2,X:12929562-12930480;X:13023824-13024540
20324,ctp,OdsH,9.196095505979637,1,X:4784590-4785341
20754,rad,OdsH,9.582504091923234,2,X:12929562-12930480;X:13023824-13024540
21094,Yp3,OdsH,10.845865016307872,1,X:13669333-13670052
21588,mamo,OdsH,7.73743712036661,1,X:13669333-13670052
22074,Nadsyn,OdsH,7.193245844965201,1,X:13669333-13670052
22934,fuss,OdsH,9.536776105398083,2,4:868671-869406;4:979619-980525
22938,Sox102F,OdsH,12.073455950155815,3,4:610595-611429;4:868671-869406;4:979619-980525
